ma_sv,gpa_tb,diem_tb,dropout_risk,risk_level,profile,nam,pct_PLO1,dat_PLO1,pct_PLO2,dat_PLO2,pct_PLO3,dat_PLO3,pct_PLO4,dat_PLO4,pct_PLO5,dat_PLO5,pct_PLO6,dat_PLO6,pct_PLO7,dat_PLO7,pct_PLO8,dat_PLO8,pct_PLO9,dat_PLO9,pct_PLO10,dat_PLO10
SV0001,0.88,4.93,0,Trung bình,below_avg,3,0.0,0.0,,,1.0,1.0,1.0,1.0,,,0.5,1.0,,,1.0,1.0,1.0,1.0,,
SV0002,2.12,5.95,0,Trung bình,average,3,0.0,0.0,1.0,1.0,0.667,1.0,1.0,1.0,1.0,1.0,0.0,0.0,0.667,1.0,1.0,1.0,0.5,1.0,1.0,1.0
SV0003,0.5,4.61,0,Trung bình,below_avg,2,1.0,1.0,0.0,0.0,1.0,1.0,,,,,1.0,1.0,,,,,0.0,0.0,0.0,0.0
SV0004,1.5,5.29,0,Trung bình,below_avg,1,0.333,0.0,,,1.0,1.0,1.0,1.0,,,0.0,0.0,,,,,,,,
SV0005,2.25,6.29,0,Thấp,average,3,,,,,0.5,1.0,1.0,1.0,,,,,0.667,1.0,0.0,0.0,,,0.0,0.0
SV0006,2.62,7.15,0,Thấp,average,2,1.0,1.0,0.0,0.0,1.0,1.0,,,,,1.0,1.0,,,,,,,1.0,1.0
SV0007,1.88,5.57,0,Trung bình,below_avg,4,0.5,1.0,,,0.5,1.0,0.0,0.0,0.0,0.0,,,0.0,0.0,1.0,1.0,,,,
SV0008,1.25,4.7,0,Cao,below_avg,4,1.0,1.0,,,0.5,1.0,1.0,1.0,0.0,0.0,,,,,,,,,0.0,0.0
SV0009,2.12,6.1,0,Trung bình,average,1,0.0,0.0,,,1.0,1.0,,,,,1.0,1.0,0.0,0.0,0.0,0.0,0.0,0.0,1.0,1.0
SV0010,2.12,6.14,0,Trung bình,average,1,,,,,1.0,1.0,,,,,1.0,1.0,,,1.0,1.0,1.0,1.0,0.0,0.0
SV0011,4.0,9.11,0,Thấp,excellent,2,0.0,0.0,,,1.0,1.0,1.0,1.0,,,0.5,1.0,1.0,1.0,,,1.0,1.0,,
SV0012,2.38,6.37,0,Thấp,average,1,1.0,1.0,0.5,1.0,1.0,1.0,1.0,1.0,1.0,1.0,1.0,1.0,1.0,1.0,0.5,1.0,0.0,0.0,0.5,1.0
SV0013,2.12,7.01,0,Thấp,good,1,1.0,1.0,,,0.667,1.0,0.0,0.0,1.0,1.0,,,0.0,0.0,0.0,0.0,0.0,0.0,,
SV0014,2.38,6.67,0,Thấp,average,4,0.0,0.0,0.0,0.0,1.0,1.0,,,1.0,1.0,1.0,1.0,,,,,,,,
SV0015,1.75,5.73,0,Trung bình,average,4,0.5,1.0,1.0,1.0,1.0,1.0,,,0.0,0.0,,,1.0,1.0,,,,,1.0,1.0
SV0016,2.75,7.08,0,Thấp,good,4,,,1.0,1.0,,,0.0,0.0,0.5,1.0,1.0,1.0,,,,,,,1.0,1.0
SV0017,1.25,4.73,0,Trung bình,below_avg,2,1.0,1.0,1.0,1.0,0.5,1.0,0.0,0.0,1.0,1.0,1.0,1.0,,,,,1.0,1.0,,
SV0018,1.25,5.76,0,Thấp,average,1,0.5,1.0,0.0,0.0,0.5,1.0,0.0,0.0,0.0,0.0,0.667,1.0,1.0,1.0,1.0,1.0,1.0,1.0,1.0,1.0
SV0019,1.75,5.6,0,Trung bình,average,3,,,0.0,0.0,1.0,1.0,,,,,1.0,1.0,1.0,1.0,0.5,1.0,1.0,1.0,1.0,1.0
SV0020,2.5,6.7,0,Thấp,average,3,0.0,0.0,,,0.5,1.0,,,1.0,1.0,1.0,1.0,,,0.0,0.0,0.0,0.0,,
SV0021,1.5,6.22,0,Trung bình,average,1,1.0,1.0,1.0,1.0,0.333,0.0,0.0,0.0,,,1.0,1.0,,,,,,,,
SV0022,0.0,3.36,1,Cao,at_risk,2,0.5,1.0,0.0,0.0,,,,,0.5,1.0,,,1.0,1.0,,,,,,
SV0023,1.62,6.36,0,Thấp,average,3,0.0,0.0,1.0,1.0,0.0,0.0,1.0,1.0,,,0.0,0.0,,,,,,,0.0,0.0
SV0024,2.88,8.73,0,Thấp,excellent,4,1.0,1.0,0.0,0.0,1.0,1.0,,,,,0.5,1.0,,,0.0,0.0,,,,
SV0025,3.5,8.32,0,Thấp,excellent,2,,,,,0.0,0.0,1.0,1.0,1.0,1.0,1.0,1.0,1.0,1.0,,,,,1.0,1.0
SV0026,4.0,8.93,0,Thấp,excellent,4,1.0,1.0,,,1.0,1.0,1.0,1.0,,,1.0,1.0,,,1.0,1.0,,,,
SV0027,3.88,8.84,0,Thấp,excellent,1,1.0,1.0,,,1.0,1.0,0.0,0.0,,,1.0,1.0,1.0,1.0,,,,,1.0,1.0
SV0028,1.75,5.38,0,Trung bình,below_avg,4,0.0,0.0,0.0,0.0,0.0,0.0,0.0,0.0,0.0,0.0,1.0,1.0,,,,,,,1.0,1.0
SV0029,2.0,6.79,0,Trung bình,average,4,1.0,1.0,,,0.5,1.0,,,,,0.0,0.0,1.0,1.0,,,0.0,0.0,,
SV0030,3.75,8.45,0,Thấp,excellent,2,1.0,1.0,1.0,1.0,0.667,1.0,1.0,1.0,1.0,1.0,1.0,1.0,1.0,1.0,0.5,1.0,1.0,1.0,1.0,1.0
SV0031,2.38,6.68,0,Thấp,average,3,1.0,1.0,,,0.75,1.0,1.0,1.0,,,,,,,,,,,,
SV0032,1.25,6.01,0,Thấp,average,2,0.0,0.0,1.0,1.0,1.0,1.0,,,,,1.0,1.0,0.0,0.0,1.0,1.0,,,,
SV0033,2.0,6.01,0,Thấp,average,2,1.0,1.0,1.0,1.0,0.5,1.0,1.0,1.0,0.0,0.0,0.333,0.0,0.0,0.0,1.0,1.0,0.5,1.0,0.0,0.0
SV0034,1.75,5.54,0,Trung bình,average,1,0.0,0.0,1.0,1.0,1.0,1.0,,,1.0,1.0,0.5,1.0,,,1.0,1.0,1.0,1.0,,
SV0035,1.25,4.97,0,Trung bình,below_avg,4,,,,,,,0.0,0.0,,,0.333,0.0,,,1.0,1.0,0.0,0.0,,
SV0036,2.0,6.12,0,Trung bình,average,3,,,0.0,0.0,0.5,1.0,0.0,0.0,1.0,1.0,,,0.5,1.0,1.0,1.0,0.5,1.0,0.0,0.0
SV0037,1.88,7.02,0,Thấp,good,3,1.0,1.0,1.0,1.0,1.0,1.0,0.0,0.0,,,1.0,1.0,1.0,1.0,0.5,1.0,,,,
SV0038,2.0,6.81,0,Thấp,good,4,,,0.0,0.0,1.0,1.0,1.0,1.0,1.0,1.0,,,,,1.0,1.0,1.0,1.0,,
SV0039,2.62,8.34,0,Thấp,excellent,3,1.0,1.0,0.5,1.0,1.0,1.0,,,0.5,1.0,,,0.0,0.0,0.0,0.0,,,0.0,0.0
SV0040,0.88,4.89,0,Cao,below_avg,4,0.0,0.0,,,1.0,1.0,1.0,1.0,,,0.0,0.0,0.0,0.0,0.5,1.0,,,,
SV0041,1.5,5.73,0,Trung bình,average,3,0.5,1.0,0.0,0.0,0.5,1.0,,,,,0.0,0.0,,,1.0,1.0,1.0,1.0,,
SV0042,2.12,6.05,0,Trung bình,average,3,0.0,0.0,1.0,1.0,1.0,1.0,0.0,0.0,,,,,,,,,,,1.0,1.0
SV0043,2.12,7.15,0,Thấp,good,2,1.0,1.0,1.0,1.0,1.0,1.0,,,,,1.0,1.0,,,1.0,1.0,,,0.5,1.0
SV0044,2.12,6.15,0,Trung bình,average,1,,,,,1.0,1.0,1.0,1.0,,,1.0,1.0,0.5,1.0,1.0,1.0,1.0,1.0,,
SV0045,2.88,7.39,0,Thấp,good,4,,,0.0,0.0,1.0,1.0,0.0,0.0,,,0.0,0.0,0.0,0.0,1.0,1.0,,,0.0,0.0
SV0046,1.25,5.4,0,Trung bình,below_avg,4,1.0,1.0,0.0,0.0,1.0,1.0,0.0,0.0,0.0,0.0,1.0,1.0,1.0,1.0,0.5,1.0,0.0,0.0,0.5,1.0
SV0047,2.38,7.92,0,Thấp,good,3,1.0,1.0,0.5,1.0,0.333,0.0,,,,,,,,,1.0,1.0,,,,
SV0048,1.38,5.94,0,Thấp,average,1,0.5,1.0,0.0,0.0,1.0,1.0,,,1.0,1.0,,,,,,,,,,
SV0049,1.62,7.77,0,Thấp,good,1,,,1.0,1.0,0.5,1.0,1.0,1.0,1.0,1.0,1.0,1.0,,,1.0,1.0,1.0,1.0,,
SV0050,1.38,4.97,0,Trung bình,below_avg,1,,,,,1.0,1.0,0.5,1.0,0.0,0.0,,,,,0.0,0.0,0.0,0.0,0.0,0.0
SV0051,0.0,3.14,1,Cao,at_risk,2,0.5,1.0,0.0,0.0,0.0,0.0,0.0,0.0,0.0,0.0,0.5,1.0,0.0,0.0,1.0,1.0,0.0,0.0,0.0,0.0
SV0052,1.12,4.82,0,Trung bình,below_avg,4,,,0.0,0.0,1.0,1.0,,,0.0,0.0,1.0,1.0,0.5,1.0,1.0,1.0,1.0,1.0,,
SV0053,2.62,8.31,0,Thấp,good,2,0.5,1.0,1.0,1.0,0.75,1.0,1.0,1.0,1.0,1.0,1.0,1.0,1.0,1.0,0.5,1.0,0.5,1.0,1.0,1.0
SV0054,3.75,8.57,0,Thấp,excellent,3,0.5,1.0,1.0,1.0,0.0,0.0,0.0,0.0,0.0,0.0,1.0,1.0,0.0,0.0,1.0,1.0,1.0,1.0,1.0,1.0
SV0055,1.38,7.46,0,Thấp,good,1,1.0,1.0,1.0,1.0,1.0,1.0,0.667,1.0,1.0,1.0,1.0,1.0,,,,,,,,
SV0056,2.25,6.45,0,Thấp,average,1,0.0,0.0,,,0.5,1.0,1.0,1.0,,,,,1.0,1.0,,,,,1.0,1.0
SV0057,0.62,6.02,0,Thấp,average,2,0.0,0.0,0.0,0.0,0.0,0.0,1.0,1.0,0.0,0.0,0.5,1.0,1.0,1.0,1.0,1.0,1.0,1.0,0.0,0.0
SV0058,3.0,7.56,0,Thấp,good,3,,,1.0,1.0,0.5,1.0,0.5,1.0,0.5,1.0,1.0,1.0,1.0,1.0,0.0,0.0,,,,
SV0059,1.5,5.15,0,Trung bình,below_avg,1,0.0,0.0,0.5,1.0,0.0,0.0,,,1.0,1.0,1.0,1.0,,,,,,,,
SV0060,3.0,8.79,0,Thấp,excellent,2,0.0,0.0,,,,,,,,,0.667,1.0,,,,,,,,
SV0061,2.0,6.97,0,Thấp,good,4,,,,,1.0,1.0,,,1.0,1.0,0.0,0.0,0.0,0.0,,,0.0,0.0,,
SV0062,0.25,3.26,1,Cao,at_risk,4,0.0,0.0,0.0,0.0,0.0,0.0,,,,,0.0,0.0,0.0,0.0,,,1.0,1.0,,
SV0063,4.0,9.05,0,Thấp,excellent,2,0.0,0.0,1.0,1.0,1.0,1.0,1.0,1.0,1.0,1.0,1.0,1.0,,,1.0,1.0,,,0.0,0.0
SV0064,2.62,7.05,0,Thấp,good,4,,,0.0,0.0,1.0,1.0,,,,,1.0,1.0,0.0,0.0,1.0,1.0,0.0,0.0,,
SV0065,3.0,7.52,0,Thấp,good,3,1.0,1.0,1.0,1.0,1.0,1.0,,,,,0.5,1.0,,,,,,,,
SV0066,1.62,6.22,0,Trung bình,average,2,1.0,1.0,1.0,1.0,,,,,,,,,1.0,1.0,0.0,0.0,,,0.0,0.0
SV0067,2.38,6.65,0,Thấp,average,3,1.0,1.0,,,1.0,1.0,1.0,1.0,,,0.5,1.0,0.0,0.0,1.0,1.0,0.0,0.0,1.0,1.0
SV0068,1.25,5.85,0,Thấp,average,2,0.0,0.0,0.0,0.0,,,,,,,1.0,1.0,1.0,1.0,0.0,0.0,,,,
SV0069,2.88,7.28,0,Thấp,good,3,,,1.0,1.0,1.0,1.0,1.0,1.0,1.0,1.0,1.0,1.0,,,,,,,0.0,0.0
SV0070,3.0,7.4,0,Thấp,good,4,0.0,0.0,0.0,0.0,,,,,,,0.5,1.0,,,0.0,0.0,1.0,1.0,,
SV0071,2.25,6.42,0,Trung bình,average,3,,,1.0,1.0,0.5,1.0,0.0,0.0,,,0.0,0.0,0.0,0.0,1.0,1.0,0.0,0.0,0.0,0.0
SV0072,1.0,5.88,0,Trung bình,average,4,1.0,1.0,0.0,0.0,1.0,1.0,,,1.0,1.0,,,0.0,0.0,1.0,1.0,,,0.0,0.0
SV0073,1.75,6.58,0,Thấp,average,2,0.5,1.0,1.0,1.0,0.333,0.0,0.0,0.0,1.0,1.0,0.0,0.0,1.0,1.0,0.667,1.0,1.0,1.0,1.0,1.0
SV0074,3.25,7.68,0,Thấp,good,3,0.0,0.0,1.0,1.0,1.0,1.0,,,0.0,0.0,,,1.0,1.0,1.0,1.0,,,,
SV0075,1.0,4.88,0,Cao,below_avg,2,0.0,0.0,1.0,1.0,1.0,1.0,1.0,1.0,1.0,1.0,,,,,0.0,0.0,,,0.0,0.0
SV0076,2.25,6.24,0,Trung bình,average,4,1.0,1.0,1.0,1.0,0.5,1.0,,,,,1.0,1.0,,,,,,,0.0,0.0
SV0077,3.75,8.68,0,Thấp,excellent,1,0.0,0.0,1.0,1.0,1.0,1.0,0.0,0.0,1.0,1.0,0.0,0.0,,,,,1.0,1.0,,
SV0078,0.5,3.88,1,Cao,at_risk,1,1.0,1.0,0.0,0.0,0.0,0.0,,,0.0,0.0,1.0,1.0,,,1.0,1.0,,,,
SV0079,0.75,4.88,0,Cao,below_avg,3,0.667,1.0,0.333,0.0,1.0,1.0,0.0,0.0,0.0,0.0,0.0,0.0,0.0,0.0,1.0,1.0,1.0,1.0,0.5,1.0
SV0080,2.12,6.26,0,Thấp,average,4,0.0,0.0,0.5,1.0,,,,,1.0,1.0,1.0,1.0,,,1.0,1.0,,,1.0,1.0
SV0081,1.62,6.47,0,Thấp,average,2,0.5,1.0,1.0,1.0,0.667,1.0,,,,,1.0,1.0,,,,,,,,
SV0082,1.0,5.86,0,Thấp,average,1,1.0,1.0,1.0,1.0,1.0,1.0,1.0,1.0,,,0.0,0.0,,,,,0.0,0.0,,
SV0083,2.0,7.2,0,Thấp,good,3,,,,,1.0,1.0,1.0,1.0,1.0,1.0,1.0,1.0,,,,,,,0.0,0.0
SV0084,1.25,4.86,0,Cao,below_avg,4,,,1.0,1.0,1.0,1.0,0.0,0.0,0.0,0.0,0.0,0.0,,,1.0,1.0,,,,
SV0085,1.5,7.45,0,Thấp,good,3,1.0,1.0,1.0,1.0,0.5,1.0,1.0,1.0,0.0,0.0,1.0,1.0,1.0,1.0,1.0,1.0,1.0,1.0,1.0,1.0
SV0086,0.25,3.67,1,Cao,at_risk,3,1.0,1.0,1.0,1.0,0.333,0.0,0.5,1.0,0.0,0.0,0.0,0.0,0.5,1.0,0.333,0.0,1.0,1.0,1.0,1.0
SV0087,2.12,6.22,0,Thấp,average,3,0.0,0.0,,,1.0,1.0,,,0.0,0.0,,,1.0,1.0,,,,,1.0,1.0
SV0088,1.38,7.63,0,Thấp,good,3,0.0,0.0,0.0,0.0,1.0,1.0,1.0,1.0,,,,,,,1.0,1.0,,,1.0,1.0
SV0089,1.38,5.41,0,Trung bình,below_avg,3,1.0,1.0,0.667,1.0,1.0,1.0,0.0,0.0,0.5,1.0,0.0,0.0,,,,,,,,
SV0090,1.75,6.56,0,Trung bình,average,1,1.0,1.0,,,0.667,1.0,,,,,,,1.0,1.0,0.0,0.0,,,,
SV0091,2.88,8.84,0,Thấp,excellent,2,,,0.5,1.0,,,1.0,1.0,1.0,1.0,1.0,1.0,,,1.0,1.0,,,,
SV0092,0.75,8.43,0,Thấp,excellent,3,0.5,1.0,0.5,1.0,1.0,1.0,0.0,0.0,1.0,1.0,1.0,1.0,,,,,,,,
SV0093,1.88,7.22,0,Trung bình,good,3,,,,,1.0,1.0,,,,,0.667,1.0,,,0.0,0.0,1.0,1.0,,
SV0094,1.62,6.14,0,Thấp,average,4,0.0,0.0,1.0,1.0,0.0,0.0,0.5,1.0,1.0,1.0,0.0,0.0,,,,,,,,
SV0095,4.0,8.88,0,Thấp,excellent,2,,,1.0,1.0,1.0,1.0,,,,,1.0,1.0,,,0.0,0.0,,,1.0,1.0
SV0096,2.12,6.04,0,Trung bình,average,2,1.0,1.0,1.0,1.0,0.5,1.0,0.0,0.0,1.0,1.0,1.0,1.0,,,1.0,1.0,,,,
SV0097,3.75,8.65,0,Thấp,excellent,3,1.0,1.0,1.0,1.0,1.0,1.0,1.0,1.0,1.0,1.0,0.5,1.0,1.0,1.0,0.5,1.0,1.0,1.0,1.0,1.0
SV0098,0.88,4.5,0,Trung bình,below_avg,2,1.0,1.0,1.0,1.0,1.0,1.0,,,,,0.0,0.0,,,0.0,0.0,,,0.0,0.0
SV0099,2.5,6.63,0,Trung bình,average,2,,,0.5,1.0,1.0,1.0,,,,,0.0,0.0,1.0,1.0,1.0,1.0,,,1.0,1.0
SV0100,3.75,8.39,0,Thấp,excellent,2,,,1.0,1.0,,,,,1.0,1.0,1.0,1.0,,,1.0,1.0,,,1.0,1.0
SV0101,2.0,5.99,0,Thấp,average,2,0.0,0.0,0.0,0.0,,,,,1.0,1.0,1.0,1.0,,,1.0,1.0,0.0,0.0,1.0,1.0
SV0102,1.0,6.1,0,Trung bình,average,1,0.667,1.0,1.0,1.0,0.667,1.0,,,1.0,1.0,,,,,0.0,0.0,,,,
SV0103,0.0,2.82,1,Cao,at_risk,4,0.0,0.0,0.0,0.0,1.0,1.0,,,,,,,1.0,1.0,0.0,0.0,0.0,0.0,,
SV0104,0.75,4.38,0,Trung bình,below_avg,2,,,1.0,1.0,0.0,0.0,,,,,1.0,1.0,0.0,0.0,,,,,0.0,0.0
SV0105,2.38,7.65,0,Thấp,good,3,,,,,1.0,1.0,1.0,1.0,,,1.0,1.0,,,,,,,,
SV0106,1.62,6.32,0,Trung bình,average,2,,,,,1.0,1.0,1.0,1.0,,,1.0,1.0,1.0,1.0,0.5,1.0,,,0.0,0.0
SV0107,2.88,7.24,0,Thấp,good,4,,,,,0.667,1.0,1.0,1.0,,,1.0,1.0,,,1.0,1.0,0.0,0.0,,
SV0108,2.25,7.43,0,Thấp,good,3,1.0,1.0,0.5,1.0,0.5,1.0,,,,,,,,,1.0,1.0,,,1.0,1.0
SV0109,4.0,8.96,0,Thấp,excellent,2,1.0,1.0,,,0.0,0.0,,,,,,,,,1.0,1.0,1.0,1.0,0.5,1.0
SV0110,0.25,3.53,1,Cao,at_risk,1,0.75,1.0,0.5,1.0,0.333,0.0,0.0,0.0,,,,,,,,,,,,
SV0111,1.5,6.11,0,Trung bình,average,4,0.667,1.0,0.0,0.0,0.5,1.0,,,,,0.0,0.0,0.0,0.0,,,,,,
SV0112,0.0,2.93,1,Cao,at_risk,1,0.5,1.0,,,0.0,0.0,0.0,0.0,,,0.0,0.0,0.0,0.0,1.0,1.0,,,,
SV0113,1.38,5.38,1,Trung bình,below_avg,3,0.0,0.0,0.0,0.0,,,,,,,0.0,0.0,1.0,1.0,,,,,,
SV0114,2.38,7.69,0,Thấp,good,1,0.5,1.0,0.5,1.0,0.75,1.0,0.0,0.0,1.0,1.0,,,,,,,,,,
SV0115,3.0,7.49,0,Thấp,good,2,,,1.0,1.0,1.0,1.0,1.0,1.0,,,0.5,1.0,,,1.0,1.0,0.0,0.0,0.0,0.0
SV0116,1.25,5.04,0,Trung bình,below_avg,4,,,,,,,,,,,0.667,1.0,1.0,1.0,,,,,1.0,1.0
SV0117,1.5,6.14,0,Trung bình,average,4,1.0,1.0,0.667,1.0,0.5,1.0,,,,,,,,,1.0,1.0,,,,
SV0118,1.5,6.11,0,Thấp,average,4,,,,,1.0,1.0,,,,,1.0,1.0,0.0,0.0,0.0,0.0,,,1.0,1.0
SV0119,3.88,8.73,0,Thấp,excellent,1,0.667,1.0,1.0,1.0,1.0,1.0,,,,,0.0,0.0,,,,,,,,
SV0120,1.88,5.74,0,Trung bình,average,1,1.0,1.0,0.0,0.0,0.333,0.0,0.0,0.0,0.5,1.0,0.0,0.0,0.5,1.0,0.5,1.0,1.0,1.0,1.0,1.0
SV0121,0.75,4.76,1,Trung bình,below_avg,1,0.5,1.0,1.0,1.0,0.667,1.0,1.0,1.0,,,,,,,,,,,,
SV0122,1.5,5.89,0,Trung bình,average,1,0.5,1.0,0.5,1.0,1.0,1.0,,,1.0,1.0,1.0,1.0,,,1.0,1.0,,,,
SV0123,0.62,4.01,1,Cao,at_risk,4,1.0,1.0,,,0.333,0.0,,,1.0,1.0,,,0.0,0.0,0.0,0.0,,,,
SV0124,2.12,5.94,0,Thấp,average,4,,,,,0.5,1.0,,,,,0.5,1.0,1.0,1.0,1.0,1.0,0.0,0.0,0.0,0.0
SV0125,2.88,8.87,0,Thấp,excellent,2,0.0,0.0,1.0,1.0,1.0,1.0,0.5,1.0,0.5,1.0,,,,,1.0,1.0,1.0,1.0,,
SV0126,1.62,5.3,0,Trung bình,below_avg,2,0.0,0.0,1.0,1.0,0.667,1.0,1.0,1.0,1.0,1.0,0.0,0.0,0.0,0.0,0.75,1.0,0.5,1.0,1.0,1.0
SV0127,1.38,6.12,0,Trung bình,average,1,,,1.0,1.0,1.0,1.0,1.0,1.0,1.0,1.0,0.0,0.0,0.0,0.0,,,,,1.0,1.0
SV0128,3.62,8.24,0,Thấp,excellent,2,1.0,1.0,1.0,1.0,1.0,1.0,,,1.0,1.0,0.0,0.0,1.0,1.0,1.0,1.0,,,0.0,0.0
SV0129,0.88,4.45,0,Trung bình,below_avg,1,0.0,0.0,,,,,0.0,0.0,,,1.0,1.0,,,,,,,0.5,1.0
SV0130,1.12,5.22,0,Trung bình,below_avg,2,0.0,0.0,,,1.0,1.0,1.0,1.0,,,1.0,1.0,,,0.0,0.0,,,0.0,0.0
SV0131,1.25,4.74,0,Trung bình,below_avg,1,0.0,0.0,,,1.0,1.0,,,,,0.5,1.0,0.0,0.0,0.0,0.0,,,0.0,0.0
SV0132,1.12,4.96,0,Trung bình,below_avg,4,1.0,1.0,,,0.5,1.0,,,,,0.0,0.0,,,0.0,0.0,0.0,0.0,,
SV0133,3.25,7.87,0,Thấp,good,1,0.5,1.0,,,1.0,1.0,1.0,1.0,,,1.0,1.0,,,1.0,1.0,,,,
SV0134,1.62,6.34,0,Thấp,average,2,0.0,0.0,,,1.0,1.0,1.0,1.0,0.0,0.0,0.5,1.0,,,,,0.0,0.0,0.0,0.0
SV0135,2.25,6.22,0,Thấp,average,4,1.0,1.0,1.0,1.0,0.667,1.0,1.0,1.0,0.0,0.0,,,,,1.0,1.0,0.0,0.0,,
SV0136,1.12,4.81,0,Cao,below_avg,4,0.5,1.0,0.0,0.0,0.0,0.0,,,0.0,0.0,,,,,,,,,0.0,0.0
SV0137,0.5,3.61,1,Cao,at_risk,1,1.0,1.0,0.0,0.0,1.0,1.0,1.0,1.0,0.0,0.0,1.0,1.0,,,,,1.0,1.0,,
SV0138,0.0,3.06,1,Cao,at_risk,4,0.0,0.0,,,0.667,1.0,0.0,0.0,1.0,1.0,,,,,0.0,0.0,0.0,0.0,,
SV0139,2.12,6.28,0,Trung bình,average,2,0.0,0.0,0.5,1.0,1.0,1.0,1.0,1.0,1.0,1.0,1.0,1.0,1.0,1.0,0.75,1.0,1.0,1.0,1.0,1.0
SV0140,2.88,7.27,0,Thấp,good,1,1.0,1.0,1.0,1.0,0.667,1.0,1.0,1.0,0.5,1.0,0.0,0.0,1.0,1.0,1.0,1.0,1.0,1.0,1.0,1.0
SV0141,1.5,6.04,0,Thấp,average,1,,,0.0,0.0,0.0,0.0,1.0,1.0,0.5,1.0,1.0,1.0,,,,,,,1.0,1.0
SV0142,1.5,6.22,0,Trung bình,average,1,,,1.0,1.0,1.0,1.0,,,,,1.0,1.0,,,,,,,,
SV0143,2.62,8.63,0,Thấp,excellent,4,0.0,0.0,1.0,1.0,1.0,1.0,,,1.0,1.0,1.0,1.0,,,,,,,1.0,1.0
SV0144,3.25,7.76,0,Thấp,good,1,0.0,0.0,,,,,,,,,0.667,1.0,,,,,0.0,0.0,0.0,0.0
SV0145,0.75,4.39,0,Trung bình,below_avg,4,0.0,0.0,0.0,0.0,0.5,1.0,,,,,0.0,0.0,0.0,0.0,,,,,,
SV0146,3.0,7.56,0,Thấp,good,3,1.0,1.0,1.0,1.0,1.0,1.0,0.5,1.0,1.0,1.0,0.5,1.0,0.333,0.0,1.0,1.0,0.5,1.0,1.0,1.0
SV0147,1.0,4.97,0,Trung bình,below_avg,2,0.5,1.0,1.0,1.0,0.0,0.0,1.0,1.0,0.5,1.0,0.0,0.0,1.0,1.0,1.0,1.0,1.0,1.0,0.0,0.0
SV0148,1.0,8.93,0,Thấp,excellent,2,1.0,1.0,,,1.0,1.0,1.0,1.0,,,1.0,1.0,0.0,0.0,1.0,1.0,,,,
SV0149,1.88,6.66,0,Trung bình,average,2,1.0,1.0,1.0,1.0,1.0,1.0,1.0,1.0,1.0,1.0,1.0,1.0,1.0,1.0,1.0,1.0,1.0,1.0,0.5,1.0
SV0150,1.0,4.49,0,Cao,below_avg,4,,,,,0.0,0.0,0.0,0.0,,,,,0.0,0.0,0.0,0.0,1.0,1.0,0.0,0.0
SV0151,2.88,8.58,0,Thấp,excellent,3,,,,,1.0,1.0,1.0,1.0,,,1.0,1.0,1.0,1.0,,,0.0,0.0,,
SV0152,0.25,3.75,1,Cao,at_risk,2,0.0,0.0,,,0.0,0.0,0.5,1.0,,,1.0,1.0,,,1.0,1.0,,,0.0,0.0
SV0153,2.25,6.34,0,Trung bình,average,1,,,,,1.0,1.0,,,,,,,1.0,1.0,,,0.0,0.0,0.333,0.0
SV0154,1.25,6.52,0,Thấp,average,1,,,,,1.0,1.0,,,1.0,1.0,0.333,0.0,,,,,0.0,0.0,,
SV0155,3.62,8.24,0,Thấp,excellent,3,1.0,1.0,,,1.0,1.0,,,,,0.5,1.0,1.0,1.0,,,,,,
SV0156,4.0,8.69,0,Thấp,excellent,3,1.0,1.0,1.0,1.0,1.0,1.0,1.0,1.0,,,,,,,,,,,0.0,0.0
SV0157,1.0,4.38,0,Cao,below_avg,2,0.0,0.0,0.0,0.0,1.0,1.0,1.0,1.0,0.0,0.0,0.0,0.0,1.0,1.0,1.0,1.0,0.0,0.0,0.5,1.0
SV0158,2.38,6.4,0,Trung bình,average,2,,,,,0.0,0.0,,,,,1.0,1.0,1.0,1.0,0.5,1.0,,,,
SV0159,1.88,5.85,0,Thấp,average,4,,,1.0,1.0,0.0,0.0,0.0,0.0,1.0,1.0,1.0,1.0,,,,,,,0.0,0.0
SV0160,2.5,6.66,0,Thấp,average,3,,,1.0,1.0,1.0,1.0,,,1.0,1.0,,,0.5,1.0,0.0,0.0,0.0,0.0,1.0,1.0
SV0161,0.0,3.36,1,Cao,at_risk,3,1.0,1.0,1.0,1.0,0.0,0.0,0.0,0.0,,,,,,,1.0,1.0,,,,
SV0162,0.5,4.22,0,Trung bình,below_avg,4,,,1.0,1.0,1.0,1.0,,,0.0,0.0,,,0.0,0.0,1.0,1.0,,,,
SV0163,2.12,7.54,0,Thấp,good,1,0.0,0.0,,,1.0,1.0,0.667,1.0,,,1.0,1.0,,,,,1.0,1.0,,
SV0164,1.38,6.01,0,Thấp,average,1,0.0,0.0,1.0,1.0,,,,,1.0,1.0,,,0.0,0.0,1.0,1.0,1.0,1.0,1.0,1.0
SV0165,1.5,5.92,0,Trung bình,average,1,0.0,0.0,0.667,1.0,,,0.0,0.0,0.5,1.0,,,,,,,,,0.5,1.0
SV0166,1.5,5.92,0,Trung bình,average,4,1.0,1.0,1.0,1.0,1.0,1.0,,,,,,,,,,,,,0.0,0.0
SV0167,1.5,5.15,0,Trung bình,below_avg,4,0.0,0.0,0.0,0.0,1.0,1.0,0.5,1.0,,,1.0,1.0,,,1.0,1.0,,,,
SV0168,2.12,6.14,0,Trung bình,average,4,0.5,1.0,,,0.0,0.0,1.0,1.0,,,0.5,1.0,,,,,,,,
SV0169,1.88,6.52,0,Thấp,average,4,,,,,1.0,1.0,0.0,0.0,,,1.0,1.0,1.0,1.0,0.0,0.0,1.0,1.0,0.0,0.0
SV0170,3.75,8.57,0,Trung bình,excellent,4,1.0,1.0,1.0,1.0,0.0,0.0,,,1.0,1.0,1.0,1.0,,,,,,,,
SV0171,2.75,7.07,0,Thấp,good,1,,,,,1.0,1.0,,,1.0,1.0,1.0,1.0,1.0,1.0,1.0,1.0,1.0,1.0,,
SV0172,2.25,7.56,0,Thấp,good,2,1.0,1.0,1.0,1.0,1.0,1.0,,,,,,,,,1.0,1.0,0.0,0.0,0.0,0.0
SV0173,1.75,6.32,0,Trung bình,average,4,0.0,0.0,1.0,1.0,1.0,1.0,,,1.0,1.0,1.0,1.0,,,,,,,0.0,0.0
SV0174,1.38,4.78,0,Cao,below_avg,3,0.0,0.0,,,1.0,1.0,,,,,1.0,1.0,0.0,0.0,0.0,0.0,,,,
SV0175,1.5,6.08,0,Trung bình,average,3,0.5,1.0,0.333,0.0,1.0,1.0,0.0,0.0,1.0,1.0,0.5,1.0,0.0,0.0,1.0,1.0,1.0,1.0,1.0,1.0
SV0176,1.88,6.48,0,Thấp,average,3,0.5,1.0,0.5,1.0,1.0,1.0,,,,,1.0,1.0,1.0,1.0,,,1.0,1.0,,
SV0177,1.5,6.24,0,Trung bình,average,3,,,0.5,1.0,0.0,0.0,1.0,1.0,1.0,1.0,0.0,0.0,1.0,1.0,,,1.0,1.0,,
SV0178,2.25,6.18,0,Trung bình,average,2,,,0.0,0.0,1.0,1.0,,,,,1.0,1.0,1.0,1.0,1.0,1.0,1.0,1.0,,
SV0179,1.62,5.39,0,Trung bình,below_avg,3,1.0,1.0,1.0,1.0,0.667,1.0,1.0,1.0,1.0,1.0,,,1.0,1.0,1.0,1.0,,,0.0,0.0
SV0180,2.25,7.48,0,Thấp,good,2,1.0,1.0,1.0,1.0,1.0,1.0,0.0,0.0,1.0,1.0,1.0,1.0,,,,,,,1.0,1.0
SV0181,3.88,8.91,0,Thấp,excellent,3,1.0,1.0,,,1.0,1.0,,,,,0.5,1.0,0.0,0.0,,,,,,
SV0182,1.12,5.46,0,Trung bình,average,4,1.0,1.0,,,1.0,1.0,1.0,1.0,,,0.5,1.0,,,,,,,1.0,1.0
SV0183,2.0,6.74,0,Thấp,average,3,1.0,1.0,,,1.0,1.0,0.0,0.0,,,1.0,1.0,0.0,0.0,,,,,1.0,1.0
SV0184,2.38,7.92,0,Thấp,excellent,4,0.0,0.0,,,1.0,1.0,1.0,1.0,,,1.0,1.0,,,1.0,1.0,1.0,1.0,,
SV0185,3.0,7.54,0,Thấp,good,1,1.0,1.0,,,1.0,1.0,,,,,0.5,1.0,1.0,1.0,,,,,0.5,1.0
SV0186,0.0,3.8,1,Cao,at_risk,3,,,,,0.0,0.0,0.0,0.0,,,1.0,1.0,,,0.0,0.0,,,1.0,1.0
SV0187,1.75,6.42,0,Trung bình,average,4,0.5,1.0,1.0,1.0,,,,,0.0,0.0,,,0.0,0.0,,,,,1.0,1.0
SV0188,3.75,8.48,0,Thấp,excellent,2,1.0,1.0,,,1.0,1.0,,,,,0.5,1.0,1.0,1.0,0.5,1.0,1.0,1.0,,
SV0189,1.75,5.54,0,Trung bình,below_avg,2,0.5,1.0,1.0,1.0,0.667,1.0,0.5,1.0,,,,,1.0,1.0,0.0,0.0,,,,
SV0190,0.25,3.82,1,Cao,at_risk,3,0.0,0.0,0.0,0.0,1.0,1.0,,,,,1.0,1.0,,,,,,,0.0,0.0
SV0191,2.25,6.22,0,Trung bình,average,2,0.5,1.0,1.0,1.0,1.0,1.0,1.0,1.0,0.0,0.0,1.0,1.0,0.5,1.0,1.0,1.0,1.0,1.0,0.5,1.0
SV0192,3.0,9.2,0,Thấp,excellent,4,0.0,0.0,1.0,1.0,1.0,1.0,0.0,0.0,1.0,1.0,0.5,1.0,1.0,1.0,1.0,1.0,1.0,1.0,1.0,1.0
SV0193,0.0,2.88,1,Cao,at_risk,2,0.0,0.0,,,0.0,0.0,,,,,0.5,1.0,,,,,0.0,0.0,,
SV0194,3.62,8.28,0,Thấp,excellent,3,,,1.0,1.0,,,,,0.0,0.0,1.0,1.0,1.0,1.0,,,,,0.5,1.0
SV0195,0.25,3.58,1,Cao,at_risk,3,0.0,0.0,,,1.0,1.0,,,,,0.5,1.0,0.0,0.0,,,,,,
SV0196,0.25,3.54,1,Cao,at_risk,1,,,,,,,,,,,0.667,1.0,,,,,,,0.0,0.0
SV0197,2.88,7.44,0,Thấp,good,1,,,,,1.0,1.0,1.0,1.0,,,1.0,1.0,1.0,1.0,,,,,1.0,1.0
SV0198,2.0,6.91,0,Thấp,good,2,,,1.0,1.0,0.0,0.0,,,1.0,1.0,0.5,1.0,,,1.0,1.0,,,,
SV0199,1.88,5.7,0,Trung bình,average,1,,,1.0,1.0,0.0,0.0,,,,,0.0,0.0,,,1.0,1.0,0.5,1.0,,
SV0200,2.0,6.1,0,Thấp,average,1,1.0,1.0,1.0,1.0,1.0,1.0,1.0,1.0,0.0,0.0,0.0,0.0,,,,,,,1.0,1.0
SV0201,2.38,6.4,0,Trung bình,average,1,1.0,1.0,,,1.0,1.0,,,,,0.5,1.0,1.0,1.0,,,1.0,1.0,,
SV0202,2.12,7.32,0,Thấp,good,4,0.5,1.0,,,0.0,0.0,,,,,0.5,1.0,1.0,1.0,,,,,,
SV0203,2.12,6.24,0,Thấp,average,2,,,1.0,1.0,1.0,1.0,,,1.0,1.0,,,0.0,0.0,1.0,1.0,0.5,1.0,1.0,1.0
SV0204,2.88,7.32,0,Thấp,good,2,0.0,0.0,,,1.0,1.0,,,,,1.0,1.0,,,1.0,1.0,1.0,1.0,,
SV0205,1.12,4.59,0,Trung bình,below_avg,2,,,,,0.5,1.0,1.0,1.0,,,,,1.0,1.0,1.0,1.0,,,1.0,1.0
SV0206,4.0,9.03,0,Thấp,excellent,4,0.667,1.0,,,1.0,1.0,1.0,1.0,,,1.0,1.0,,,,,,,,
SV0207,0.25,4.56,1,Trung bình,below_avg,2,1.0,1.0,1.0,1.0,1.0,1.0,0.5,1.0,1.0,1.0,0.0,0.0,1.0,1.0,1.0,1.0,0.0,0.0,0.0,0.0
SV0208,0.0,3.0,1,Cao,at_risk,2,0.5,1.0,0.0,0.0,0.667,1.0,0.0,0.0,,,,,,,,,,,,
SV0209,0.5,4.3,1,Cao,below_avg,4,,,0.5,1.0,0.0,0.0,,,0.5,1.0,,,0.0,0.0,,,,,,
SV0210,0.75,4.23,0,Cao,below_avg,2,,,0.5,1.0,,,0.0,0.0,1.0,1.0,1.0,1.0,,,,,,,1.0,1.0
SV0211,2.38,7.58,0,Thấp,good,2,,,,,1.0,1.0,1.0,1.0,,,0.5,1.0,,,,,1.0,1.0,0.5,1.0
SV0212,1.0,4.52,0,Trung bình,below_avg,4,,,,,1.0,1.0,,,,,0.5,1.0,1.0,1.0,1.0,1.0,,,0.0,0.0
SV0213,3.88,8.66,0,Thấp,excellent,2,1.0,1.0,1.0,1.0,1.0,1.0,1.0,1.0,0.5,1.0,1.0,1.0,,,,,,,1.0,1.0
SV0214,2.25,6.24,0,Thấp,average,1,1.0,1.0,1.0,1.0,0.5,1.0,0.0,0.0,0.0,0.0,0.333,0.0,0.0,0.0,1.0,1.0,1.0,1.0,1.0,1.0
SV0215,1.5,5.82,0,Trung bình,average,4,0.5,1.0,0.5,1.0,,,,,1.0,1.0,1.0,1.0,,,,,,,0.0,0.0
SV0216,0.5,3.76,1,Cao,at_risk,3,,,,,,,,,,,0.333,0.0,,,,,,,0.0,0.0
SV0217,1.25,7.08,0,Thấp,good,3,,,1.0,1.0,1.0,1.0,1.0,1.0,,,,,0.0,0.0,,,0.0,0.0,0.0,0.0
SV0218,2.25,6.24,0,Trung bình,average,1,0.0,0.0,1.0,1.0,1.0,1.0,0.0,0.0,1.0,1.0,0.0,0.0,,,,,0.0,0.0,1.0,1.0
SV0219,3.88,8.9,0,Thấp,excellent,3,,,,,,,0.0,0.0,,,0.667,1.0,,,,,1.0,1.0,1.0,1.0
SV0220,1.0,4.72,0,Trung bình,below_avg,3,,,1.0,1.0,0.0,0.0,,,,,0.0,0.0,,,1.0,1.0,1.0,1.0,,
SV0221,1.25,5.19,0,Trung bình,below_avg,2,0.667,1.0,0.5,1.0,0.5,1.0,0.0,0.0,,,,,,,,,,,,
SV0222,2.12,7.06,0,Thấp,good,1,,,,,0.5,1.0,,,,,1.0,1.0,0.5,1.0,1.0,1.0,1.0,1.0,0.0,0.0
SV0223,1.12,5.37,0,Trung bình,below_avg,1,,,,,1.0,1.0,,,,,1.0,1.0,0.0,0.0,1.0,1.0,0.0,0.0,,
SV0224,0.88,4.64,0,Trung bình,below_avg,4,0.0,0.0,0.0,0.0,1.0,1.0,,,1.0,1.0,0.0,0.0,1.0,1.0,,,0.0,0.0,,
SV0225,4.0,8.98,0,Thấp,excellent,2,0.0,0.0,1.0,1.0,1.0,1.0,,,,,0.5,1.0,,,,,,,1.0,1.0
SV0226,1.75,6.47,0,Thấp,average,1,1.0,1.0,0.0,0.0,1.0,1.0,,,,,1.0,1.0,,,,,,,,
SV0227,3.5,8.46,0,Thấp,excellent,3,1.0,1.0,,,0.0,0.0,,,,,1.0,1.0,,,,,,,0.0,0.0
SV0228,2.12,6.1,0,Trung bình,average,4,,,,,1.0,1.0,1.0,1.0,,,0.667,1.0,,,,,0.5,1.0,0.0,0.0
SV0229,3.12,7.57,0,Thấp,good,3,0.0,0.0,0.0,0.0,,,,,,,1.0,1.0,1.0,1.0,1.0,1.0,,,,
SV0230,1.12,4.73,0,Cao,below_avg,2,0.5,1.0,0.5,1.0,1.0,1.0,0.0,0.0,,,1.0,1.0,,,1.0,1.0,,,,
SV0231,0.0,2.92,1,Cao,at_risk,2,0.0,0.0,0.0,0.0,0.0,0.0,,,,,0.5,1.0,0.0,0.0,,,,,,
SV0232,2.0,6.04,0,Trung bình,average,2,0.5,1.0,0.5,1.0,0.0,0.0,0.0,0.0,0.0,0.0,0.5,1.0,,,,,,,,
SV0233,1.0,5.08,0,Trung bình,below_avg,3,,,0.5,1.0,0.5,1.0,,,1.0,1.0,,,,,1.0,1.0,,,1.0,1.0
SV0234,1.75,5.58,0,Trung bình,below_avg,4,0.0,0.0,1.0,1.0,1.0,1.0,1.0,1.0,1.0,1.0,0.0,0.0,0.0,0.0,1.0,1.0,1.0,1.0,1.0,1.0
SV0235,3.38,7.84,0,Thấp,good,1,,,,,1.0,1.0,1.0,1.0,,,,,0.5,1.0,0.0,0.0,0.0,0.0,,
SV0236,3.5,8.24,0,Thấp,good,3,1.0,1.0,1.0,1.0,1.0,1.0,1.0,1.0,1.0,1.0,,,1.0,1.0,1.0,1.0,,,,
SV0237,0.5,4.44,0,Trung bình,below_avg,2,0.333,0.0,0.333,0.0,0.5,1.0,,,0.0,0.0,,,,,1.0,1.0,,,,
SV0238,1.0,4.58,0,Trung bình,below_avg,3,1.0,1.0,1.0,1.0,,,0.0,0.0,0.5,1.0,,,1.0,1.0,,,,,0.5,1.0
SV0239,0.75,6.02,0,Thấp,average,4,0.0,0.0,,,1.0,1.0,,,1.0,1.0,0.0,0.0,1.0,1.0,,,,,,
SV0240,2.0,6.07,0,Trung bình,average,1,0.333,0.0,0.5,1.0,1.0,1.0,0.5,1.0,1.0,1.0,1.0,1.0,0.0,0.0,1.0,1.0,1.0,1.0,1.0,1.0
SV0241,1.0,4.73,0,Trung bình,below_avg,1,0.5,1.0,1.0,1.0,0.0,0.0,0.0,0.0,0.5,1.0,1.0,1.0,1.0,1.0,1.0,1.0,1.0,1.0,1.0,1.0
SV0242,2.0,5.97,0,Trung bình,average,4,1.0,1.0,0.0,0.0,1.0,1.0,0.0,0.0,0.0,0.0,1.0,1.0,,,0.0,0.0,,,,
SV0243,1.5,5.83,0,Trung bình,average,2,,,0.0,0.0,0.0,0.0,0.0,0.0,1.0,1.0,0.0,0.0,0.0,0.0,1.0,1.0,,,,
SV0244,0.75,4.52,0,Trung bình,below_avg,1,0.333,0.0,0.0,0.0,0.667,1.0,1.0,1.0,1.0,1.0,0.0,0.0,0.0,0.0,0.0,0.0,1.0,1.0,0.0,0.0
SV0245,2.5,6.84,0,Thấp,average,2,1.0,1.0,1.0,1.0,1.0,1.0,,,1.0,1.0,1.0,1.0,0.0,0.0,,,,,,
SV0246,1.0,6.09,0,Trung bình,average,1,1.0,1.0,0.0,0.0,1.0,1.0,1.0,1.0,,,0.0,0.0,,,,,,,0.0,0.0
SV0247,2.88,7.36,0,Thấp,good,4,,,,,1.0,1.0,1.0,1.0,0.0,0.0,0.0,0.0,,,,,,,0.0,0.0
SV0248,2.12,6.0,0,Trung bình,average,4,0.0,0.0,1.0,1.0,0.5,1.0,1.0,1.0,0.667,1.0,1.0,1.0,0.5,1.0,1.0,1.0,1.0,1.0,1.0,1.0
SV0249,3.75,8.7,0,Thấp,excellent,4,0.667,1.0,0.5,1.0,1.0,1.0,,,,,1.0,1.0,,,,,,,,
SV0250,2.88,8.34,0,Thấp,excellent,3,0.5,1.0,1.0,1.0,1.0,1.0,1.0,1.0,1.0,1.0,1.0,1.0,,,,,,,,
SV0251,2.25,7.31,0,Thấp,good,3,1.0,1.0,0.5,1.0,0.5,1.0,0.0,0.0,0.5,1.0,1.0,1.0,0.5,1.0,1.0,1.0,1.0,1.0,1.0,1.0
SV0252,2.62,7.86,0,Thấp,good,1,1.0,1.0,0.0,0.0,1.0,1.0,1.0,1.0,0.0,0.0,,,1.0,1.0,,,,,0.0,0.0
SV0253,2.0,7.2,0,Trung bình,good,2,,,1.0,1.0,1.0,1.0,,,,,1.0,1.0,1.0,1.0,0.5,1.0,,,0.0,0.0
SV0254,0.25,3.7,1,Cao,at_risk,4,,,,,0.5,1.0,0.0,0.0,1.0,1.0,0.0,0.0,,,,,,,1.0,1.0
SV0255,2.62,6.98,0,Thấp,good,2,,,0.0,0.0,1.0,1.0,,,,,0.0,0.0,1.0,1.0,1.0,1.0,,,1.0,1.0
SV0256,0.0,3.29,1,Cao,at_risk,4,0.5,1.0,0.0,0.0,1.0,1.0,0.0,0.0,,,,,,,0.0,0.0,0.0,0.0,,
SV0257,2.0,6.0,0,Trung bình,average,1,,,1.0,1.0,1.0,1.0,,,,,1.0,1.0,,,0.0,0.0,1.0,1.0,,
SV0258,1.88,7.02,0,Thấp,good,4,,,1.0,1.0,1.0,1.0,1.0,1.0,0.5,1.0,0.0,0.0,1.0,1.0,1.0,1.0,0.0,0.0,,
SV0259,2.25,7.26,0,Thấp,good,4,,,,,1.0,1.0,,,,,0.5,1.0,1.0,1.0,1.0,1.0,0.5,1.0,0.0,0.0
SV0260,1.75,8.33,0,Thấp,excellent,3,1.0,1.0,1.0,1.0,1.0,1.0,1.0,1.0,1.0,1.0,1.0,1.0,1.0,1.0,1.0,1.0,1.0,1.0,1.0,1.0
SV0261,3.25,7.69,0,Thấp,good,3,,,1.0,1.0,1.0,1.0,1.0,1.0,,,1.0,1.0,,,,,,,1.0,1.0
SV0262,2.38,7.34,0,Thấp,good,4,0.0,0.0,1.0,1.0,,,,,1.0,1.0,1.0,1.0,,,,,,,,
SV0263,2.88,8.72,0,Thấp,excellent,3,1.0,1.0,1.0,1.0,,,,,1.0,1.0,1.0,1.0,,,,,,,0.0,0.0
SV0264,2.0,5.92,0,Trung bình,average,1,1.0,1.0,1.0,1.0,0.667,1.0,1.0,1.0,0.0,0.0,1.0,1.0,1.0,1.0,0.667,1.0,0.0,0.0,0.5,1.0
SV0265,1.38,5.92,0,Trung bình,average,3,0.0,0.0,,,0.0,0.0,0.0,0.0,,,1.0,1.0,,,,,0.0,0.0,,
SV0266,1.75,6.26,0,Trung bình,average,2,0.5,1.0,1.0,1.0,0.333,0.0,,,,,1.0,1.0,,,,,,,,
SV0267,1.0,6.52,0,Trung bình,average,2,,,1.0,1.0,0.333,0.0,,,0.0,0.0,1.0,1.0,1.0,1.0,1.0,1.0,,,,
SV0268,1.62,6.32,0,Thấp,average,2,,,,,,,,,,,0.0,0.0,0.0,0.0,,,,,,
SV0269,3.0,7.4,0,Thấp,good,2,0.5,1.0,1.0,1.0,1.0,1.0,,,,,0.0,0.0,,,,,,,1.0,1.0
SV0270,2.38,7.44,0,Thấp,good,3,1.0,1.0,,,1.0,1.0,,,,,1.0,1.0,,,,,,,,
SV0271,2.88,8.64,0,Thấp,excellent,4,1.0,1.0,0.5,1.0,1.0,1.0,1.0,1.0,,,0.0,0.0,,,,,1.0,1.0,,
SV0272,2.0,6.03,0,Thấp,average,1,1.0,1.0,0.0,0.0,1.0,1.0,,,,,0.0,0.0,1.0,1.0,1.0,1.0,,,1.0,1.0
SV0273,3.75,8.45,0,Thấp,excellent,3,1.0,1.0,0.5,1.0,1.0,1.0,1.0,1.0,1.0,1.0,1.0,1.0,,,,,,,1.0,1.0
SV0274,2.12,6.15,0,Thấp,average,4,1.0,1.0,,,0.5,1.0,1.0,1.0,1.0,1.0,1.0,1.0,0.0,0.0,,,,,,
SV0275,1.38,5.4,0,Trung bình,average,1,,,,,,,,,,,0.5,1.0,0.0,0.0,,,1.0,1.0,1.0,1.0
SV0276,1.62,6.25,0,Trung bình,average,4,,,0.5,1.0,1.0,1.0,1.0,1.0,0.0,0.0,,,,,,,,,1.0,1.0
SV0277,2.88,8.44,0,Thấp,excellent,1,0.5,1.0,1.0,1.0,1.0,1.0,1.0,1.0,0.0,0.0,0.667,1.0,1.0,1.0,1.0,1.0,1.0,1.0,1.0,1.0
SV0278,0.0,3.64,1,Cao,at_risk,3,,,0.0,0.0,1.0,1.0,,,,,0.0,0.0,1.0,1.0,0.0,0.0,1.0,1.0,,
SV0279,1.75,6.35,0,Thấp,average,2,,,0.0,0.0,,,1.0,1.0,1.0,1.0,1.0,1.0,,,1.0,1.0,,,,
SV0280,2.0,8.86,0,Thấp,excellent,4,1.0,1.0,,,0.0,0.0,,,,,,,1.0,1.0,,,,,0.0,0.0
SV0281,3.25,7.81,0,Thấp,good,3,0.5,1.0,,,1.0,1.0,,,,,0.0,0.0,,,0.0,0.0,1.0,1.0,,
SV0282,2.0,7.32,0,Thấp,good,2,0.0,0.0,1.0,1.0,1.0,1.0,,,,,0.667,1.0,,,,,0.0,0.0,,
SV0283,2.0,5.84,0,Trung bình,average,1,1.0,1.0,,,1.0,1.0,,,,,0.0,0.0,0.0,0.0,,,1.0,1.0,0.0,0.0
SV0284,1.5,5.82,0,Trung bình,average,2,1.0,1.0,1.0,1.0,,,,,1.0,1.0,1.0,1.0,,,,,,,1.0,1.0
SV0285,2.0,6.04,0,Thấp,average,4,0.333,0.0,1.0,1.0,0.0,0.0,,,,,,,1.0,1.0,,,,,1.0,1.0
SV0286,2.12,6.15,0,Trung bình,average,3,0.667,1.0,1.0,1.0,0.667,1.0,1.0,1.0,0.5,1.0,0.667,1.0,0.5,1.0,1.0,1.0,0.5,1.0,1.0,1.0
SV0287,2.25,6.41,0,Thấp,average,4,1.0,1.0,1.0,1.0,1.0,1.0,1.0,1.0,1.0,1.0,,,0.0,0.0,0.0,0.0,,,1.0,1.0
SV0288,1.75,6.28,0,Thấp,average,1,,,0.0,0.0,1.0,1.0,,,,,0.5,1.0,1.0,1.0,,,0.0,0.0,,
SV0289,4.0,9.12,0,Thấp,excellent,1,0.5,1.0,1.0,1.0,1.0,1.0,1.0,1.0,1.0,1.0,1.0,1.0,1.0,1.0,1.0,1.0,1.0,1.0,1.0,1.0
SV0290,1.0,6.2,0,Thấp,average,1,0.0,0.0,,,,,,,,,0.75,1.0,,,,,0.0,0.0,,
SV0291,0.0,2.88,1,Cao,at_risk,3,1.0,1.0,0.0,0.0,1.0,1.0,0.0,0.0,0.0,0.0,0.0,0.0,,,,,,,0.0,0.0
SV0292,1.88,5.57,0,Trung bình,below_avg,3,0.0,0.0,0.5,1.0,,,,,1.0,1.0,,,1.0,1.0,0.0,0.0,1.0,1.0,1.0,1.0
SV0293,2.12,6.15,0,Trung bình,average,3,1.0,1.0,1.0,1.0,0.0,0.0,,,,,0.0,0.0,0.0,0.0,0.0,0.0,1.0,1.0,1.0,1.0
SV0294,0.88,4.76,0,Cao,below_avg,4,0.0,0.0,1.0,1.0,0.75,1.0,1.0,1.0,0.5,1.0,0.0,0.0,0.5,1.0,0.0,0.0,0.5,1.0,0.0,0.0
SV0295,0.5,4.66,0,Cao,below_avg,1,1.0,1.0,,,0.5,1.0,0.5,1.0,0.0,0.0,,,0.0,0.0,0.0,0.0,,,,
SV0296,1.88,6.69,0,Thấp,average,4,1.0,1.0,1.0,1.0,0.333,0.0,,,,,1.0,1.0,1.0,1.0,,,0.0,0.0,,
SV0297,3.75,8.62,0,Thấp,excellent,2,0.5,1.0,,,1.0,1.0,,,,,1.0,1.0,1.0,1.0,1.0,1.0,,,,
SV0298,0.0,3.02,1,Cao,at_risk,2,0.0,0.0,,,0.0,0.0,,,,,1.0,1.0,,,1.0,1.0,,,0.0,0.0
SV0299,2.0,5.86,0,Trung bình,average,3,1.0,1.0,0.0,0.0,1.0,1.0,1.0,1.0,1.0,1.0,1.0,1.0,1.0,1.0,0.0,0.0,1.0,1.0,0.5,1.0
SV0300,1.62,5.34,0,Thấp,average,4,0.0,0.0,0.0,0.0,1.0,1.0,0.0,0.0,1.0,1.0,,,,,,,,,0.0,0.0
SV0301,4.0,9.12,0,Thấp,excellent,3,1.0,1.0,,,0.0,0.0,,,,,1.0,1.0,1.0,1.0,,,,,1.0,1.0
SV0302,0.75,4.64,0,Cao,below_avg,3,1.0,1.0,,,0.667,1.0,0.0,0.0,,,,,,,1.0,1.0,,,,
SV0303,0.5,4.96,0,Trung bình,below_avg,4,1.0,1.0,0.5,1.0,0.5,1.0,1.0,1.0,1.0,1.0,,,,,0.0,0.0,,,0.0,0.0
SV0304,1.88,5.85,0,Trung bình,below_avg,4,1.0,1.0,0.0,0.0,0.333,0.0,1.0,1.0,0.0,0.0,,,,,1.0,1.0,1.0,1.0,,
SV0305,1.62,6.5,0,Trung bình,average,3,0.0,0.0,1.0,1.0,1.0,1.0,,,,,0.0,0.0,,,,,0.0,0.0,0.0,0.0
SV0306,1.62,5.49,0,Trung bình,below_avg,4,0.5,1.0,0.0,0.0,1.0,1.0,,,,,,,1.0,1.0,,,,,,
SV0307,2.38,6.54,0,Thấp,average,4,0.5,1.0,1.0,1.0,1.0,1.0,,,,,,,1.0,1.0,,,,,1.0,1.0
SV0308,1.5,5.82,0,Thấp,average,4,,,,,1.0,1.0,,,,,0.0,0.0,1.0,1.0,0.0,0.0,1.0,1.0,0.0,0.0
SV0309,1.25,4.96,0,Trung bình,below_avg,2,1.0,1.0,1.0,1.0,0.0,0.0,,,,,,,,,1.0,1.0,1.0,1.0,,
SV0310,3.88,8.75,0,Thấp,excellent,4,,,,,0.0,0.0,1.0,1.0,,,0.5,1.0,,,,,0.5,1.0,1.0,1.0
SV0311,0.75,4.62,0,Trung bình,below_avg,3,0.0,0.0,0.0,0.0,0.667,1.0,0.5,1.0,,,,,,,,,,,0.0,0.0
SV0312,1.38,5.22,0,Trung bình,below_avg,1,,,0.0,0.0,0.0,0.0,0.0,0.0,0.0,0.0,0.0,0.0,,,,,,,1.0,1.0
SV0313,1.25,4.94,0,Cao,below_avg,3,0.5,1.0,,,0.0,0.0,,,,,0.5,1.0,1.0,1.0,1.0,1.0,,,1.0,1.0
SV0314,1.25,4.88,0,Trung bình,below_avg,3,0.5,1.0,,,1.0,1.0,,,,,1.0,1.0,,,,,,,1.0,1.0
SV0315,2.38,7.34,0,Thấp,good,2,1.0,1.0,0.5,1.0,0.0,0.0,,,,,,,,,1.0,1.0,1.0,1.0,,
SV0316,3.88,8.69,0,Thấp,excellent,2,1.0,1.0,1.0,1.0,,,,,1.0,1.0,1.0,1.0,,,,,,,,
SV0317,2.12,6.24,0,Trung bình,average,4,0.0,0.0,1.0,1.0,0.667,1.0,,,,,1.0,1.0,0.0,0.0,,,1.0,1.0,,
SV0318,2.25,6.21,0,Thấp,average,2,1.0,1.0,0.5,1.0,0.333,0.0,0.667,1.0,1.0,1.0,0.667,1.0,0.5,1.0,1.0,1.0,0.5,1.0,0.5,1.0
SV0319,3.0,7.47,0,Thấp,good,2,1.0,1.0,0.5,1.0,1.0,1.0,,,,,1.0,1.0,,,,,,,,
SV0320,0.5,3.99,1,Cao,at_risk,3,1.0,1.0,1.0,1.0,1.0,1.0,,,,,0.0,0.0,0.0,0.0,1.0,1.0,0.0,0.0,,
SV0321,3.62,8.52,0,Thấp,excellent,2,0.0,0.0,,,1.0,1.0,,,,,1.0,1.0,,,,,0.0,0.0,0.0,0.0
SV0322,2.0,6.21,0,Trung bình,average,1,0.0,0.0,0.0,0.0,1.0,1.0,,,1.0,1.0,1.0,1.0,0.0,0.0,1.0,1.0,,,,
SV0323,2.25,7.26,0,Thấp,good,3,1.0,1.0,1.0,1.0,0.5,1.0,0.0,0.0,1.0,1.0,0.5,1.0,1.0,1.0,1.0,1.0,1.0,1.0,1.0,1.0
SV0324,2.25,6.31,0,Thấp,average,4,0.0,0.0,,,0.667,1.0,,,1.0,1.0,,,0.5,1.0,1.0,1.0,,,,
SV0325,3.12,7.6,0,Thấp,good,1,,,1.0,1.0,1.0,1.0,1.0,1.0,1.0,1.0,0.0,0.0,,,1.0,1.0,,,,
SV0326,1.38,4.94,0,Trung bình,below_avg,2,,,1.0,1.0,,,,,0.0,0.0,1.0,1.0,0.0,0.0,1.0,1.0,,,0.0,0.0
SV0327,1.75,6.41,0,Thấp,average,1,,,0.0,0.0,0.75,1.0,1.0,1.0,,,,,,,0.0,0.0,1.0,1.0,,
SV0328,2.38,6.48,0,Trung bình,average,3,0.333,0.0,1.0,1.0,0.0,0.0,,,,,1.0,1.0,0.0,0.0,,,,,,
SV0329,0.0,3.25,1,Cao,at_risk,4,0.0,0.0,0.5,1.0,0.5,1.0,1.0,1.0,0.0,0.0,,,,,,,,,0.0,0.0
SV0330,0.25,3.27,1,Cao,at_risk,3,1.0,1.0,0.0,0.0,0.0,0.0,,,0.0,0.0,1.0,1.0,,,,,,,,
SV0331,1.12,4.87,1,Cao,below_avg,2,1.0,1.0,1.0,1.0,0.0,0.0,,,,,0.0,0.0,,,,,,,,
SV0332,2.0,6.48,0,Thấp,average,3,,,,,0.5,1.0,0.667,1.0,1.0,1.0,,,,,,,0.0,0.0,1.0,1.0
SV0333,0.25,3.66,1,Cao,at_risk,3,1.0,1.0,1.0,1.0,0.5,1.0,0.0,0.0,0.0,0.0,,,0.0,0.0,,,,,1.0,1.0
SV0334,2.25,7.72,0,Thấp,good,3,1.0,1.0,0.0,0.0,0.667,1.0,,,,,,,,,1.0,1.0,,,0.0,0.0
SV0335,2.88,7.15,0,Thấp,good,4,,,1.0,1.0,,,,,0.0,0.0,0.0,0.0,1.0,1.0,,,0.0,0.0,0.5,1.0
SV0336,0.25,3.86,1,Cao,at_risk,2,0.5,1.0,0.333,0.0,0.0,0.0,0.5,1.0,0.5,1.0,0.333,0.0,1.0,1.0,0.5,1.0,0.5,1.0,0.333,0.0
SV0337,2.12,7.3,0,Thấp,good,4,1.0,1.0,,,0.5,1.0,1.0,1.0,,,1.0,1.0,1.0,1.0,,,,,,
SV0338,2.75,7.08,0,Thấp,good,4,,,0.0,0.0,0.5,1.0,1.0,1.0,,,1.0,1.0,,,1.0,1.0,1.0,1.0,,
SV0339,1.75,5.57,0,Trung bình,average,2,1.0,1.0,1.0,1.0,1.0,1.0,0.0,0.0,0.0,0.0,0.0,0.0,1.0,1.0,0.0,0.0,1.0,1.0,1.0,1.0
SV0340,1.75,6.51,0,Thấp,average,2,0.0,0.0,0.0,0.0,0.667,1.0,,,,,1.0,1.0,,,1.0,1.0,1.0,1.0,,
SV0341,2.5,6.5,0,Trung bình,average,1,,,0.0,0.0,,,1.0,1.0,1.0,1.0,1.0,1.0,,,,,0.0,0.0,1.0,1.0
SV0342,2.38,6.52,0,Trung bình,average,2,1.0,1.0,1.0,1.0,1.0,1.0,,,,,0.5,1.0,1.0,1.0,,,0.5,1.0,,
SV0343,0.25,3.86,1,Trung bình,at_risk,3,0.0,0.0,1.0,1.0,1.0,1.0,1.0,1.0,,,0.0,0.0,,,0.0,0.0,0.5,1.0,,
SV0344,2.25,6.22,0,Trung bình,average,4,,,,,1.0,1.0,0.0,0.0,,,1.0,1.0,1.0,1.0,1.0,1.0,,,0.0,0.0
SV0345,2.12,5.9,0,Trung bình,average,1,,,0.0,0.0,1.0,1.0,0.0,0.0,,,0.0,0.0,0.0,0.0,0.5,1.0,,,1.0,1.0
SV0346,3.12,7.51,0,Thấp,good,3,1.0,1.0,1.0,1.0,0.5,1.0,1.0,1.0,0.0,0.0,,,,,,,,,1.0,1.0
SV0347,1.5,5.19,0,Trung bình,below_avg,3,0.0,0.0,1.0,1.0,0.0,0.0,,,,,0.0,0.0,1.0,1.0,,,1.0,1.0,,
SV0348,1.25,6.1,0,Trung bình,average,4,0.0,0.0,,,1.0,1.0,0.0,0.0,,,0.0,0.0,0.0,0.0,1.0,1.0,0.0,0.0,,
SV0349,0.25,3.44,1,Cao,at_risk,4,0.5,1.0,1.0,1.0,0.0,0.0,0.0,0.0,0.0,0.0,1.0,1.0,1.0,1.0,0.0,0.0,1.0,1.0,0.5,1.0
SV0350,1.75,6.39,0,Trung bình,average,1,,,1.0,1.0,1.0,1.0,,,,,1.0,1.0,,,,,,,1.0,1.0
SV0351,2.88,7.29,0,Thấp,good,3,0.5,1.0,0.5,1.0,1.0,1.0,0.5,1.0,0.5,1.0,0.0,0.0,1.0,1.0,0.0,0.0,1.0,1.0,1.0,1.0
SV0352,1.38,5.05,0,Trung bình,below_avg,1,1.0,1.0,,,1.0,1.0,,,,,0.667,1.0,,,,,,,,
SV0353,2.88,8.81,0,Thấp,excellent,2,,,,,1.0,1.0,1.0,1.0,,,,,1.0,1.0,,,1.0,1.0,0.5,1.0
SV0354,3.62,8.53,0,Thấp,excellent,2,1.0,1.0,1.0,1.0,,,1.0,1.0,,,1.0,1.0,0.0,0.0,1.0,1.0,,,,
SV0355,0.88,4.73,0,Trung bình,below_avg,4,,,,,1.0,1.0,,,0.0,0.0,1.0,1.0,,,,,,,1.0,1.0
SV0356,0.62,3.88,1,Trung bình,at_risk,1,1.0,1.0,,,1.0,1.0,1.0,1.0,,,0.0,0.0,,,1.0,1.0,,,1.0,1.0
SV0357,1.25,4.86,0,Cao,below_avg,2,1.0,1.0,,,0.25,0.0,,,0.0,0.0,,,1.0,1.0,,,0.0,0.0,,
SV0358,1.5,6.22,0,Thấp,average,1,0.0,0.0,1.0,1.0,0.5,1.0,0.5,1.0,0.0,0.0,0.0,0.0,,,,,,,,
SV0359,2.88,7.44,0,Thấp,good,2,,,,,1.0,1.0,1.0,1.0,1.0,1.0,,,,,1.0,1.0,1.0,1.0,0.0,0.0
SV0360,1.62,6.25,0,Thấp,average,3,0.0,0.0,0.5,1.0,0.0,0.0,,,1.0,1.0,0.0,0.0,,,,,,,1.0,1.0
SV0361,0.75,5.08,0,Trung bình,below_avg,2,,,1.0,1.0,,,,,0.0,0.0,0.0,0.0,0.0,0.0,,,,,0.0,0.0
SV0362,1.12,5.89,0,Trung bình,average,2,0.0,0.0,1.0,1.0,,,,,0.0,0.0,0.0,0.0,1.0,1.0,1.0,1.0,,,,
SV0363,4.0,9.04,0,Thấp,excellent,2,,,1.0,1.0,1.0,1.0,0.0,0.0,1.0,1.0,1.0,1.0,1.0,1.0,1.0,1.0,,,,
SV0364,3.38,7.94,0,Thấp,good,4,0.0,0.0,,,1.0,1.0,,,,,1.0,1.0,1.0,1.0,1.0,1.0,,,,
SV0365,1.0,5.42,0,Trung bình,average,1,0.0,0.0,,,1.0,1.0,,,,,0.0,0.0,0.0,0.0,,,0.0,0.0,,
SV0366,2.25,7.47,0,Thấp,good,2,1.0,1.0,1.0,1.0,,,,,,,0.5,1.0,,,,,,,0.0,0.0
SV0367,1.75,6.38,0,Trung bình,average,1,1.0,1.0,,,0.667,1.0,0.0,0.0,,,0.0,0.0,,,,,,,,
SV0368,2.62,8.57,0,Thấp,excellent,1,1.0,1.0,1.0,1.0,0.5,1.0,0.5,1.0,1.0,1.0,1.0,1.0,1.0,1.0,1.0,1.0,1.0,1.0,1.0,1.0
SV0369,2.38,7.38,0,Thấp,good,2,0.5,1.0,1.0,1.0,1.0,1.0,,,,,0.5,1.0,,,,,,,0.0,0.0
SV0370,2.88,8.57,0,Thấp,excellent,1,0.75,1.0,1.0,1.0,0.5,1.0,1.0,1.0,1.0,1.0,1.0,1.0,1.0,1.0,1.0,1.0,1.0,1.0,1.0,1.0
SV0371,3.75,8.78,0,Thấp,excellent,2,1.0,1.0,1.0,1.0,,,1.0,1.0,,,0.5,1.0,,,,,,,0.5,1.0
SV0372,1.38,5.15,0,Cao,below_avg,4,0.0,0.0,0.0,0.0,0.0,0.0,,,,,0.5,1.0,,,,,,,,
SV0373,2.38,7.92,0,Thấp,good,2,0.0,0.0,1.0,1.0,1.0,1.0,,,,,,,1.0,1.0,0.0,0.0,,,,
SV0374,0.0,2.95,1,Cao,at_risk,2,0.0,0.0,,,0.0,0.0,,,,,0.5,1.0,,,0.0,0.0,1.0,1.0,0.0,0.0
SV0375,0.38,3.72,1,Cao,at_risk,4,1.0,1.0,1.0,1.0,0.667,1.0,,,,,,,,,,,,,0.0,0.0
SV0376,2.62,6.92,0,Trung bình,average,3,0.0,0.0,1.0,1.0,0.0,0.0,,,,,1.0,1.0,,,,,,,0.0,0.0
SV0377,1.38,4.92,0,Cao,below_avg,2,0.0,0.0,0.5,1.0,,,,,0.0,0.0,1.0,1.0,,,1.0,1.0,,,0.0,0.0
SV0378,1.5,7.16,0,Thấp,good,2,1.0,1.0,0.0,0.0,1.0,1.0,,,0.0,0.0,,,1.0,1.0,1.0,1.0,1.0,1.0,,
SV0379,1.75,8.01,0,Thấp,good,3,,,,,,,1.0,1.0,,,1.0,1.0,,,1.0,1.0,,,0.0,0.0
SV0380,2.25,7.65,0,Thấp,good,1,0.5,1.0,1.0,1.0,1.0,1.0,,,,,1.0,1.0,,,,,,,1.0,1.0
SV0381,3.38,8.28,0,Thấp,excellent,2,0.0,0.0,1.0,1.0,0.0,0.0,,,,,,,1.0,1.0,1.0,1.0,0.0,0.0,1.0,1.0
SV0382,0.88,4.89,0,Trung bình,below_avg,4,0.5,1.0,1.0,1.0,1.0,1.0,,,0.0,0.0,0.0,0.0,,,0.0,0.0,1.0,1.0,,
SV0383,2.25,6.38,0,Thấp,average,3,1.0,1.0,0.667,1.0,1.0,1.0,,,0.5,1.0,,,,,0.0,0.0,1.0,1.0,,
SV0384,3.25,7.88,0,Thấp,good,1,,,,,1.0,1.0,0.5,1.0,,,,,1.0,1.0,1.0,1.0,,,1.0,1.0
SV0385,1.25,5.42,0,Trung bình,below_avg,3,0.5,1.0,1.0,1.0,,,,,,,1.0,1.0,0.0,0.0,1.0,1.0,,,,
SV0386,2.75,6.95,0,Thấp,good,2,0.0,0.0,,,,,1.0,1.0,,,0.5,1.0,,,,,,,0.5,1.0
SV0387,2.0,5.8,0,Trung bình,average,4,1.0,1.0,1.0,1.0,1.0,1.0,1.0,1.0,0.333,0.0,0.0,0.0,1.0,1.0,0.0,0.0,1.0,1.0,0.5,1.0
SV0388,2.62,6.72,0,Thấp,average,3,0.5,1.0,0.0,0.0,1.0,1.0,0.0,0.0,,,1.0,1.0,,,,,,,,
SV0389,2.25,6.38,0,Trung bình,average,2,1.0,1.0,,,1.0,1.0,1.0,1.0,,,0.0,0.0,,,,,1.0,1.0,,
SV0390,0.25,3.75,0,Cao,below_avg,1,1.0,1.0,0.0,0.0,0.0,0.0,0.0,0.0,0.0,0.0,0.5,1.0,0.0,0.0,0.0,0.0,0.0,0.0,0.0,0.0
SV0391,3.75,8.78,0,Thấp,excellent,1,,,0.0,0.0,1.0,1.0,,,,,1.0,1.0,,,,,,,1.0,1.0
SV0392,1.38,5.07,0,Trung bình,below_avg,3,0.5,1.0,1.0,1.0,0.0,0.0,0.0,0.0,0.0,0.0,1.0,1.0,0.0,0.0,1.0,1.0,0.0,0.0,0.5,1.0
SV0393,2.88,8.47,0,Thấp,excellent,2,0.5,1.0,1.0,1.0,1.0,1.0,,,,,1.0,1.0,1.0,1.0,,,,,1.0,1.0
SV0394,2.5,6.71,0,Trung bình,average,2,1.0,1.0,0.5,1.0,1.0,1.0,0.0,0.0,0.0,0.0,,,1.0,1.0,1.0,1.0,,,,
SV0395,1.88,6.59,0,Trung bình,average,2,0.5,1.0,1.0,1.0,0.0,0.0,,,1.0,1.0,1.0,1.0,,,,,,,,
SV0396,2.0,6.9,0,Thấp,good,2,0.5,1.0,1.0,1.0,1.0,1.0,0.667,1.0,0.0,0.0,0.0,0.0,0.0,0.0,0.5,1.0,1.0,1.0,1.0,1.0
SV0397,0.25,3.57,1,Cao,at_risk,2,0.0,0.0,0.0,0.0,0.0,0.0,0.0,0.0,0.0,0.0,0.0,0.0,1.0,1.0,0.333,0.0,0.5,1.0,0.0,0.0
SV0398,1.62,5.95,0,Trung bình,average,1,0.0,0.0,0.0,0.0,0.5,1.0,,,1.0,1.0,1.0,1.0,0.0,0.0,0.0,0.0,,,,
SV0399,4.0,8.98,0,Thấp,excellent,3,1.0,1.0,1.0,1.0,,,,,,,,,1.0,1.0,1.0,1.0,,,1.0,1.0
SV0400,4.0,8.82,0,Thấp,excellent,1,0.0,0.0,1.0,1.0,1.0,1.0,1.0,1.0,1.0,1.0,0.0,0.0,1.0,1.0,1.0,1.0,1.0,1.0,0.5,1.0
SV0401,1.12,5.07,0,Trung bình,below_avg,3,0.0,0.0,0.0,0.0,1.0,1.0,,,,,0.0,0.0,,,,,,,0.0,0.0
SV0402,3.0,7.45,0,Thấp,good,1,0.0,0.0,,,1.0,1.0,,,,,1.0,1.0,,,,,,,,
SV0403,1.0,4.54,0,Trung bình,below_avg,2,,,1.0,1.0,,,,,1.0,1.0,0.0,0.0,,,0.0,0.0,1.0,1.0,,
SV0404,2.38,6.55,0,Trung bình,average,3,0.5,1.0,,,0.5,1.0,0.0,0.0,,,0.0,0.0,,,,,,,1.0,1.0
SV0405,1.12,4.71,0,Trung bình,below_avg,1,,,1.0,1.0,1.0,1.0,0.0,0.0,,,0.5,1.0,,,1.0,1.0,,,,
SV0406,1.12,4.81,1,Trung bình,below_avg,2,0.0,0.0,0.0,0.0,0.0,0.0,0.0,0.0,1.0,1.0,0.5,1.0,,,,,,,,
SV0407,2.25,7.62,0,Thấp,good,4,1.0,1.0,0.0,0.0,1.0,1.0,1.0,1.0,1.0,1.0,,,0.0,0.0,1.0,1.0,,,,
SV0408,1.75,8.59,0,Thấp,excellent,4,1.0,1.0,1.0,1.0,1.0,1.0,1.0,1.0,1.0,1.0,1.0,1.0,,,,,,,,
SV0409,0.25,3.84,1,Cao,at_risk,1,1.0,1.0,1.0,1.0,0.667,1.0,1.0,1.0,0.0,0.0,,,0.0,0.0,,,0.0,0.0,,
SV0410,2.5,7.57,0,Thấp,good,3,0.0,0.0,,,,,,,,,0.5,1.0,1.0,1.0,0.0,0.0,1.0,1.0,,
SV0411,1.75,6.24,0,Thấp,average,3,0.0,0.0,,,1.0,1.0,0.0,0.0,,,1.0,1.0,,,,,,,1.0,1.0
SV0412,2.25,7.38,0,Thấp,good,2,1.0,1.0,,,0.5,1.0,0.0,0.0,,,,,1.0,1.0,,,,,1.0,1.0
SV0413,1.5,6.32,0,Thấp,average,4,0.0,0.0,0.0,0.0,1.0,1.0,1.0,1.0,1.0,1.0,0.667,1.0,1.0,1.0,1.0,1.0,0.0,0.0,0.0,0.0
SV0414,2.75,8.38,0,Thấp,excellent,3,1.0,1.0,1.0,1.0,1.0,1.0,0.0,0.0,,,,,0.5,1.0,,,,,1.0,1.0
SV0415,1.25,5.32,0,Cao,average,1,0.0,0.0,1.0,1.0,0.5,1.0,0.0,0.0,,,,,0.0,0.0,0.667,1.0,,,,
SV0416,0.38,4.72,0,Trung bình,below_avg,2,0.5,1.0,0.0,0.0,0.5,1.0,0.0,0.0,0.0,0.0,0.0,0.0,1.0,1.0,0.0,0.0,0.0,0.0,1.0,1.0
SV0417,0.25,3.61,1,Cao,at_risk,4,0.0,0.0,0.0,0.0,1.0,1.0,,,,,0.0,0.0,1.0,1.0,,,,,0.0,0.0
SV0418,1.0,4.7,0,Trung bình,below_avg,4,0.5,1.0,,,0.0,0.0,,,,,1.0,1.0,,,0.0,0.0,0.0,0.0,0.0,0.0
SV0419,1.12,4.8,0,Trung bình,below_avg,3,0.667,1.0,0.0,0.0,0.667,1.0,,,,,1.0,1.0,,,,,,,,
SV0420,1.88,6.39,0,Thấp,average,3,,,,,1.0,1.0,1.0,1.0,1.0,1.0,0.0,0.0,,,1.0,1.0,,,0.0,0.0
SV0421,2.38,7.76,0,Thấp,good,4,,,0.667,1.0,0.5,1.0,0.5,1.0,0.667,1.0,,,,,,,,,,
SV0422,0.25,3.31,1,Cao,at_risk,1,0.0,0.0,0.0,0.0,1.0,1.0,0.5,1.0,0.0,0.0,1.0,1.0,,,,,,,,
SV0423,0.0,3.38,1,Cao,at_risk,3,0.5,1.0,0.0,0.0,1.0,1.0,,,0.0,0.0,,,,,,,,,0.0,0.0
SV0424,1.25,5.2,0,Thấp,below_avg,3,,,0.5,1.0,0.0,0.0,0.5,1.0,0.0,0.0,,,,,0.333,0.0,,,,
SV0425,1.88,6.4,0,Thấp,average,2,,,0.0,0.0,0.0,0.0,1.0,1.0,,,1.0,1.0,,,,,,,0.0,0.0
SV0426,2.25,6.25,0,Thấp,average,4,0.0,0.0,1.0,1.0,1.0,1.0,,,,,1.0,1.0,,,0.5,1.0,,,,
SV0427,3.88,8.91,0,Thấp,excellent,3,1.0,1.0,0.0,0.0,0.667,1.0,1.0,1.0,1.0,1.0,,,,,,,0.0,0.0,,
SV0428,0.88,4.79,0,Cao,below_avg,1,0.0,0.0,,,1.0,1.0,1.0,1.0,,,,,0.0,0.0,1.0,1.0,0.0,0.0,,
SV0429,1.88,5.82,0,Thấp,average,2,0.0,0.0,1.0,1.0,0.5,1.0,0.0,0.0,1.0,1.0,0.0,0.0,0.5,1.0,1.0,1.0,0.0,0.0,0.5,1.0
SV0430,1.75,6.46,0,Trung bình,average,3,0.5,1.0,0.333,0.0,0.75,1.0,1.0,1.0,1.0,1.0,0.0,0.0,0.5,1.0,0.5,1.0,1.0,1.0,0.0,0.0
SV0431,3.12,7.56,0,Thấp,good,1,1.0,1.0,0.0,0.0,1.0,1.0,,,,,1.0,1.0,,,,,1.0,1.0,0.0,0.0
SV0432,0.75,4.86,0,Cao,below_avg,3,,,1.0,1.0,0.0,0.0,1.0,1.0,1.0,1.0,,,1.0,1.0,,,,,1.0,1.0
SV0433,1.0,6.58,0,Trung bình,average,2,1.0,1.0,1.0,1.0,,,,,0.0,0.0,1.0,1.0,,,1.0,1.0,1.0,1.0,,
SV0434,1.25,5.03,0,Thấp,below_avg,2,1.0,1.0,0.0,0.0,1.0,1.0,1.0,1.0,,,,,0.0,0.0,0.0,0.0,1.0,1.0,,
SV0435,1.88,6.36,0,Trung bình,average,2,1.0,1.0,0.0,0.0,1.0,1.0,0.0,0.0,0.0,0.0,,,,,1.0,1.0,,,1.0,1.0
SV0436,0.75,4.22,0,Trung bình,below_avg,2,0.5,1.0,0.333,0.0,0.75,1.0,0.0,0.0,0.0,0.0,0.0,0.0,0.5,1.0,0.5,1.0,1.0,1.0,1.0,1.0
SV0437,1.62,5.22,0,Trung bình,below_avg,2,,,,,0.667,1.0,1.0,1.0,1.0,1.0,1.0,1.0,0.0,0.0,0.0,0.0,1.0,1.0,,
SV0438,2.25,6.22,0,Trung bình,average,3,,,,,,,,,,,1.0,1.0,1.0,1.0,,,,,1.0,1.0
SV0439,0.75,4.35,1,Trung bình,below_avg,1,0.5,1.0,0.0,0.0,0.5,1.0,,,,,0.0,0.0,,,,,1.0,1.0,,
SV0440,2.5,6.68,0,Trung bình,average,2,,,0.0,0.0,0.0,0.0,,,,,1.0,1.0,,,0.0,0.0,1.0,1.0,,
SV0441,0.25,3.5,1,Cao,at_risk,4,,,0.0,0.0,0.5,1.0,0.5,1.0,1.0,1.0,0.0,0.0,,,0.0,0.0,0.0,0.0,,
SV0442,0.0,3.23,1,Cao,at_risk,4,0.0,0.0,,,,,0.0,0.0,,,0.5,1.0,,,,,,,0.0,0.0
SV0443,0.75,4.86,0,Trung bình,below_avg,4,0.5,1.0,0.0,0.0,0.0,0.0,0.0,0.0,0.0,0.0,0.0,0.0,0.5,1.0,0.0,0.0,1.0,1.0,0.0,0.0
SV0444,0.38,3.36,1,Cao,at_risk,4,0.0,0.0,0.0,0.0,0.5,1.0,,,0.0,0.0,,,1.0,1.0,0.0,0.0,,,,
SV0445,1.25,4.79,0,Cao,below_avg,4,0.5,1.0,0.0,0.0,0.5,1.0,,,,,1.0,1.0,,,0.0,0.0,0.0,0.0,,
SV0446,0.75,4.99,0,Trung bình,below_avg,1,,,0.0,0.0,1.0,1.0,,,1.0,1.0,0.0,0.0,1.0,1.0,0.5,1.0,0.0,0.0,,
SV0447,1.62,6.21,0,Thấp,average,4,0.5,1.0,0.0,0.0,0.667,1.0,0.0,0.0,,,1.0,1.0,,,,,,,,
SV0448,2.25,6.27,0,Trung bình,average,1,0.5,1.0,1.0,1.0,1.0,1.0,,,1.0,1.0,1.0,1.0,,,,,,,,
SV0449,2.12,6.07,0,Trung bình,average,3,1.0,1.0,1.0,1.0,,,,,1.0,1.0,0.0,0.0,,,,,,,,
SV0450,0.75,4.73,0,Trung bình,below_avg,4,1.0,1.0,,,0.5,1.0,,,,,,,0.333,0.0,0.5,1.0,1.0,1.0,,
SV0451,2.0,7.21,0,Thấp,good,1,1.0,1.0,1.0,1.0,1.0,1.0,,,,,,,0.5,1.0,0.5,1.0,,,,
SV0452,2.0,6.49,0,Trung bình,average,3,,,,,1.0,1.0,,,,,1.0,1.0,0.333,0.0,0.333,0.0,,,,
SV0453,1.38,7.22,0,Trung bình,good,1,1.0,1.0,0.0,0.0,1.0,1.0,,,,,0.5,1.0,,,,,,,,
SV0454,0.25,3.29,1,Cao,at_risk,2,0.0,0.0,0.0,0.0,,,,,,,1.0,1.0,,,,,,,,
SV0455,1.5,5.82,0,Trung bình,average,1,0.0,0.0,1.0,1.0,1.0,1.0,,,0.0,0.0,1.0,1.0,1.0,1.0,1.0,1.0,0.0,0.0,,
SV0456,3.25,8.0,0,Thấp,good,4,0.0,0.0,1.0,1.0,,,1.0,1.0,,,1.0,1.0,1.0,1.0,0.5,1.0,,,,
SV0457,2.0,7.42,0,Thấp,good,2,,,,,,,1.0,1.0,,,0.5,1.0,,,1.0,1.0,,,0.0,0.0
SV0458,2.5,7.9,0,Thấp,good,1,1.0,1.0,0.0,0.0,1.0,1.0,,,,,1.0,1.0,1.0,1.0,,,0.0,0.0,0.5,1.0
SV0459,3.12,7.48,0,Thấp,good,4,1.0,1.0,,,0.0,0.0,,,,,0.5,1.0,0.0,0.0,,,,,,
SV0460,2.88,8.87,0,Thấp,excellent,4,1.0,1.0,1.0,1.0,1.0,1.0,,,,,1.0,1.0,1.0,1.0,,,,,1.0,1.0
SV0461,3.5,8.18,0,Thấp,excellent,1,0.667,1.0,1.0,1.0,1.0,1.0,,,1.0,1.0,1.0,1.0,,,,,,,,
SV0462,3.12,7.55,0,Thấp,good,2,,,1.0,1.0,1.0,1.0,1.0,1.0,1.0,1.0,1.0,1.0,1.0,1.0,,,,,,
SV0463,2.75,6.99,0,Thấp,good,2,,,0.0,0.0,1.0,1.0,,,1.0,1.0,,,,,0.0,0.0,,,0.5,1.0
SV0464,0.75,4.41,0,Cao,below_avg,2,0.5,1.0,,,0.5,1.0,0.0,0.0,,,0.0,0.0,,,,,,,,
SV0465,1.0,4.85,1,Cao,below_avg,4,1.0,1.0,0.0,0.0,0.0,0.0,,,,,1.0,1.0,0.0,0.0,,,,,,
SV0466,2.25,6.26,0,Thấp,average,3,1.0,1.0,0.0,0.0,1.0,1.0,,,,,0.0,0.0,1.0,1.0,,,1.0,1.0,0.0,0.0
SV0467,1.12,4.53,0,Cao,below_avg,4,0.0,0.0,0.0,0.0,0.667,1.0,0.0,0.0,0.5,1.0,1.0,1.0,0.0,0.0,0.5,1.0,0.5,1.0,1.0,1.0
SV0468,3.88,8.9,0,Thấp,excellent,1,,,,,,,1.0,1.0,,,0.5,1.0,,,0.5,1.0,1.0,1.0,,
SV0469,2.12,6.11,0,Thấp,average,4,1.0,1.0,1.0,1.0,0.5,1.0,1.0,1.0,0.0,0.0,,,,,,,,,0.0,0.0
SV0470,1.62,5.17,0,Cao,below_avg,2,,,,,1.0,1.0,,,0.0,0.0,1.0,1.0,0.0,0.0,0.0,0.0,,,1.0,1.0
SV0471,2.0,8.78,0,Thấp,excellent,2,1.0,1.0,,,0.0,0.0,,,,,1.0,1.0,,,,,,,1.0,1.0
SV0472,1.75,7.24,0,Thấp,good,4,1.0,1.0,0.5,1.0,,,,,1.0,1.0,1.0,1.0,,,0.5,1.0,1.0,1.0,,
SV0473,2.25,6.36,0,Trung bình,average,4,0.0,0.0,0.5,1.0,,,,,,,,,0.5,1.0,1.0,1.0,,,0.0,0.0
SV0474,1.0,4.61,1,Trung bình,below_avg,3,0.0,0.0,1.0,1.0,1.0,1.0,,,,,0.0,0.0,1.0,1.0,1.0,1.0,,,1.0,1.0
SV0475,2.25,6.34,0,Trung bình,average,3,1.0,1.0,,,,,1.0,1.0,,,1.0,1.0,1.0,1.0,0.5,1.0,,,,
SV0476,2.75,8.29,0,Thấp,excellent,4,0.0,0.0,,,1.0,1.0,1.0,1.0,,,1.0,1.0,,,1.0,1.0,,,0.0,0.0
SV0477,0.75,4.39,0,Trung bình,below_avg,1,1.0,1.0,0.0,0.0,1.0,1.0,0.0,0.0,0.0,0.0,0.0,0.0,0.5,1.0,1.0,1.0,0.0,0.0,0.667,1.0
SV0478,3.88,8.9,0,Trung bình,excellent,1,1.0,1.0,1.0,1.0,0.5,1.0,1.0,1.0,1.0,1.0,0.5,1.0,1.0,1.0,1.0,1.0,1.0,1.0,1.0,1.0
SV0479,1.0,5.12,0,Trung bình,below_avg,4,0.0,0.0,0.5,1.0,0.5,1.0,1.0,1.0,1.0,1.0,0.0,0.0,1.0,1.0,1.0,1.0,0.667,1.0,0.5,1.0
SV0480,1.62,6.28,0,Thấp,average,1,1.0,1.0,0.0,0.0,0.667,1.0,0.5,1.0,,,,,,,,,,,0.0,0.0
SV0481,1.88,6.36,0,Trung bình,average,3,1.0,1.0,1.0,1.0,0.333,0.0,0.0,0.0,,,,,,,,,,,0.0,0.0
SV0482,1.0,4.8,0,Cao,below_avg,2,,,0.0,0.0,1.0,1.0,,,0.0,0.0,,,0.667,1.0,1.0,1.0,,,1.0,1.0
SV0483,2.75,8.5,0,Thấp,excellent,2,1.0,1.0,1.0,1.0,,,,,1.0,1.0,1.0,1.0,,,,,,,0.0,0.0
SV0484,1.25,4.93,0,Trung bình,below_avg,3,1.0,1.0,1.0,1.0,0.0,0.0,,,1.0,1.0,0.0,0.0,0.0,0.0,,,,,,
SV0485,3.75,8.6,0,Thấp,excellent,3,1.0,1.0,0.667,1.0,1.0,1.0,1.0,1.0,,,,,,,,,1.0,1.0,1.0,1.0
SV0486,2.75,8.71,0,Trung bình,excellent,2,,,0.0,0.0,1.0,1.0,,,,,,,0.5,1.0,1.0,1.0,,,1.0,1.0
SV0487,2.0,6.02,0,Trung bình,average,3,0.333,0.0,0.5,1.0,0.0,0.0,0.0,0.0,,,,,,,,,,,0.0,0.0
SV0488,2.62,6.99,0,Thấp,average,1,1.0,1.0,1.0,1.0,1.0,1.0,1.0,1.0,1.0,1.0,0.0,0.0,1.0,1.0,,,1.0,1.0,,
SV0489,1.88,5.8,0,Trung bình,average,1,1.0,1.0,1.0,1.0,1.0,1.0,0.0,0.0,1.0,1.0,0.0,0.0,0.0,0.0,0.0,0.0,1.0,1.0,0.0,0.0
SV0490,0.25,3.94,1,Trung bình,at_risk,3,0.5,1.0,0.5,1.0,,,,,0.0,0.0,0.5,1.0,,,,,,,,
SV0491,4.0,8.84,0,Thấp,excellent,3,1.0,1.0,1.0,1.0,1.0,1.0,,,,,1.0,1.0,1.0,1.0,0.0,0.0,,,,
SV0492,3.0,7.46,0,Thấp,good,4,1.0,1.0,1.0,1.0,1.0,1.0,1.0,1.0,1.0,1.0,1.0,1.0,1.0,1.0,0.0,0.0,1.0,1.0,0.5,1.0
SV0493,3.0,7.57,0,Thấp,good,2,0.5,1.0,1.0,1.0,1.0,1.0,,,1.0,1.0,1.0,1.0,,,,,,,,
SV0494,2.25,7.25,0,Thấp,good,4,,,1.0,1.0,1.0,1.0,,,,,0.0,0.0,,,0.0,0.0,1.0,1.0,1.0,1.0
SV0495,1.62,6.24,0,Thấp,average,2,0.667,1.0,0.5,1.0,1.0,1.0,,,0.0,0.0,0.0,0.0,,,,,,,,
SV0496,1.75,6.46,0,Thấp,average,2,1.0,1.0,,,0.5,1.0,,,,,1.0,1.0,1.0,1.0,1.0,1.0,,,0.0,0.0
SV0497,2.5,6.45,0,Thấp,average,2,1.0,1.0,0.0,0.0,0.0,0.0,,,,,0.5,1.0,,,1.0,1.0,,,,
SV0498,3.12,7.62,0,Thấp,good,1,1.0,1.0,1.0,1.0,1.0,1.0,,,1.0,1.0,1.0,1.0,,,,,,,,
SV0499,0.25,3.11,1,Cao,at_risk,2,,,1.0,1.0,,,,,,,0.0,0.0,,,0.0,0.0,,,1.0,1.0
SV0500,2.5,6.73,0,Thấp,average,1,,,1.0,1.0,,,,,1.0,1.0,1.0,1.0,0.0,0.0,,,,,1.0,1.0
SV0501,2.12,7.11,0,Thấp,good,1,,,1.0,1.0,1.0,1.0,1.0,1.0,1.0,1.0,,,1.0,1.0,0.0,0.0,,,1.0,1.0
SV0502,1.0,4.74,1,Cao,below_avg,2,0.0,0.0,1.0,1.0,0.0,0.0,0.5,1.0,,,1.0,1.0,,,,,1.0,1.0,,
SV0503,4.0,9.08,0,Thấp,excellent,3,1.0,1.0,1.0,1.0,1.0,1.0,,,1.0,1.0,,,,,1.0,1.0,1.0,1.0,,
SV0504,3.12,7.72,0,Thấp,good,4,0.5,1.0,0.5,1.0,1.0,1.0,0.0,0.0,1.0,1.0,1.0,1.0,,,,,,,,
SV0505,0.0,3.26,1,Cao,at_risk,4,0.0,0.0,1.0,1.0,1.0,1.0,,,1.0,1.0,0.0,0.0,,,,,,,1.0,1.0
SV0506,2.12,6.38,0,Trung bình,average,2,,,,,1.0,1.0,0.0,0.0,0.0,0.0,0.5,1.0,1.0,1.0,,,0.0,0.0,,
SV0507,3.88,8.82,0,Thấp,excellent,3,0.0,0.0,,,,,,,,,0.0,0.0,1.0,1.0,0.0,0.0,0.0,0.0,0.0,0.0
SV0508,1.0,4.73,1,Trung bình,below_avg,3,1.0,1.0,1.0,1.0,,,,,,,0.0,0.0,,,,,,,0.0,0.0
SV0509,0.5,4.24,1,Cao,below_avg,2,1.0,1.0,1.0,1.0,1.0,1.0,,,0.0,0.0,0.0,0.0,,,0.0,0.0,,,,
SV0510,3.0,7.41,0,Thấp,good,2,1.0,1.0,0.667,1.0,1.0,1.0,,,0.5,1.0,,,,,0.0,0.0,1.0,1.0,,
SV0511,2.25,7.45,0,Thấp,good,3,,,0.0,0.0,1.0,1.0,,,,,1.0,1.0,1.0,1.0,,,,,0.0,0.0
SV0512,1.62,6.35,0,Thấp,average,3,1.0,1.0,,,1.0,1.0,,,,,0.0,0.0,,,1.0,1.0,,,0.0,0.0
SV0513,1.5,6.1,0,Trung bình,average,4,1.0,1.0,0.5,1.0,0.0,0.0,,,0.0,0.0,,,,,,,,,0.0,0.0
SV0514,2.75,8.44,0,Thấp,excellent,3,1.0,1.0,1.0,1.0,,,,,,,0.667,1.0,,,,,0.0,0.0,0.0,0.0
SV0515,2.75,7.07,0,Thấp,good,2,,,0.0,0.0,1.0,1.0,0.0,0.0,1.0,1.0,,,1.0,1.0,,,1.0,1.0,,
SV0516,0.75,4.28,1,Cao,at_risk,2,,,,,0.5,1.0,0.5,1.0,0.0,0.0,0.0,0.0,,,,,0.0,0.0,,
SV0517,3.88,8.91,0,Thấp,excellent,4,1.0,1.0,0.5,1.0,1.0,1.0,,,,,1.0,1.0,,,,,,,,
SV0518,2.75,6.99,0,Thấp,good,2,,,,,0.5,1.0,0.0,0.0,1.0,1.0,,,,,1.0,1.0,1.0,1.0,0.5,1.0
SV0519,4.0,8.93,0,Thấp,excellent,3,1.0,1.0,0.5,1.0,1.0,1.0,,,,,,,,,,,,,0.5,1.0
SV0520,1.25,4.98,1,Trung bình,below_avg,2,,,,,1.0,1.0,1.0,1.0,1.0,1.0,1.0,1.0,1.0,1.0,,,,,,
SV0521,2.38,6.43,0,Trung bình,average,1,1.0,1.0,,,1.0,1.0,0.0,0.0,,,1.0,1.0,,,,,,,0.0,0.0
SV0522,1.25,5.72,0,Trung bình,average,3,1.0,1.0,0.333,0.0,1.0,1.0,0.0,0.0,0.0,0.0,1.0,1.0,1.0,1.0,1.0,1.0,1.0,1.0,0.5,1.0
SV0523,2.88,8.56,0,Thấp,excellent,4,,,,,1.0,1.0,1.0,1.0,,,1.0,1.0,,,,,1.0,1.0,,
SV0524,0.25,4.22,1,Cao,below_avg,3,0.0,0.0,1.0,1.0,1.0,1.0,1.0,1.0,0.0,0.0,,,0.0,0.0,1.0,1.0,,,,
SV0525,0.75,5.14,0,Trung bình,below_avg,4,,,0.0,0.0,0.0,0.0,,,0.0,0.0,0.0,0.0,0.0,0.0,0.0,0.0,0.5,1.0,,
SV0526,3.75,8.65,0,Thấp,excellent,3,0.0,0.0,1.0,1.0,1.0,1.0,1.0,1.0,0.5,1.0,,,,,1.0,1.0,1.0,1.0,,
SV0527,2.88,8.96,0,Thấp,excellent,4,0.0,0.0,1.0,1.0,,,0.0,0.0,1.0,1.0,0.0,0.0,1.0,1.0,,,,,0.5,1.0
SV0528,2.5,6.54,0,Thấp,average,1,1.0,1.0,0.0,0.0,0.5,1.0,1.0,1.0,0.0,0.0,,,1.0,1.0,1.0,1.0,,,,
SV0529,0.25,3.31,1,Cao,at_risk,4,0.5,1.0,0.0,0.0,0.667,1.0,,,,,0.0,0.0,,,,,,,,
SV0530,2.5,7.38,0,Thấp,good,1,0.0,0.0,1.0,1.0,1.0,1.0,1.0,1.0,1.0,1.0,1.0,1.0,1.0,1.0,1.0,1.0,1.0,1.0,1.0,1.0
SV0531,2.12,7.34,0,Thấp,good,2,,,,,,,,,,,1.0,1.0,,,,,,,,
SV0532,1.0,4.35,0,Cao,below_avg,2,,,,,0.5,1.0,1.0,1.0,0.5,1.0,1.0,1.0,1.0,1.0,0.0,0.0,,,0.0,0.0
SV0533,3.75,8.58,0,Thấp,excellent,3,1.0,1.0,1.0,1.0,1.0,1.0,1.0,1.0,1.0,1.0,1.0,1.0,1.0,1.0,0.5,1.0,1.0,1.0,1.0,1.0
SV0534,2.25,6.45,0,Trung bình,average,3,,,,,0.5,1.0,1.0,1.0,1.0,1.0,1.0,1.0,0.0,0.0,,,,,,
SV0535,2.25,7.45,0,Thấp,good,2,1.0,1.0,0.0,0.0,0.5,1.0,,,,,0.0,0.0,,,1.0,1.0,1.0,1.0,0.0,0.0
SV0536,2.25,6.44,0,Trung bình,average,2,1.0,1.0,,,1.0,1.0,0.0,0.0,,,1.0,1.0,0.0,0.0,,,,,1.0,1.0
SV0537,3.62,8.53,0,Thấp,excellent,3,,,,,1.0,1.0,,,1.0,1.0,0.0,0.0,1.0,1.0,1.0,1.0,1.0,1.0,0.0,0.0
SV0538,2.62,6.98,0,Thấp,average,3,1.0,1.0,0.0,0.0,1.0,1.0,,,,,0.0,0.0,,,1.0,1.0,0.0,0.0,,
SV0539,3.25,7.73,0,Thấp,good,1,0.667,1.0,1.0,1.0,1.0,1.0,,,,,0.0,0.0,,,0.0,0.0,,,,
SV0540,2.75,8.51,0,Thấp,excellent,3,1.0,1.0,1.0,1.0,1.0,1.0,1.0,1.0,1.0,1.0,,,1.0,1.0,,,,,0.5,1.0
SV0541,2.25,6.33,0,Trung bình,average,3,1.0,1.0,1.0,1.0,0.5,1.0,1.0,1.0,0.0,0.0,,,,,,,,,0.0,0.0
SV0542,1.12,5.46,0,Trung bình,below_avg,3,0.0,0.0,,,0.5,1.0,1.0,1.0,,,1.0,1.0,,,,,0.0,0.0,,
SV0543,2.88,7.26,0,Thấp,good,1,0.5,1.0,1.0,1.0,0.0,0.0,,,,,,,0.0,0.0,,,,,1.0,1.0
SV0544,1.5,5.98,0,Trung bình,average,2,0.0,0.0,,,0.0,0.0,,,1.0,1.0,1.0,1.0,,,,,,,,
SV0545,3.62,8.52,0,Thấp,excellent,4,,,0.0,0.0,1.0,1.0,,,1.0,1.0,0.0,0.0,0.0,0.0,1.0,1.0,,,,
SV0546,1.62,5.47,0,Trung bình,below_avg,4,1.0,1.0,1.0,1.0,1.0,1.0,,,,,1.0,1.0,,,1.0,1.0,0.0,0.0,,
SV0547,1.75,5.74,0,Trung bình,average,4,0.5,1.0,0.5,1.0,1.0,1.0,1.0,1.0,0.0,0.0,0.0,0.0,1.0,1.0,1.0,1.0,1.0,1.0,0.667,1.0
SV0548,0.0,3.32,1,Cao,at_risk,1,0.0,0.0,0.333,0.0,0.0,0.0,1.0,1.0,0.0,0.0,,,,,,,,,,
SV0549,1.62,6.37,0,Thấp,average,2,0.0,0.0,,,0.5,1.0,,,,,1.0,1.0,0.0,0.0,0.0,0.0,,,,
SV0550,0.25,4.12,0,Trung bình,below_avg,4,0.0,0.0,,,0.25,0.0,1.0,1.0,,,,,,,0.0,0.0,1.0,1.0,,
SV0551,1.5,7.57,0,Thấp,good,4,,,,,0.333,0.0,1.0,1.0,,,,,1.0,1.0,1.0,1.0,1.0,1.0,1.0,1.0
SV0552,1.5,5.12,0,Trung bình,below_avg,1,,,,,1.0,1.0,0.5,1.0,1.0,1.0,,,1.0,1.0,0.5,1.0,0.0,0.0,,
SV0553,2.88,7.2,0,Thấp,good,3,1.0,1.0,,,1.0,1.0,,,,,1.0,1.0,,,,,,,1.0,1.0
SV0554,2.38,6.36,0,Thấp,average,3,1.0,1.0,0.0,0.0,1.0,1.0,,,1.0,1.0,0.5,1.0,,,,,,,,
SV0555,0.62,4.72,0,Trung bình,below_avg,1,1.0,1.0,,,,,,,,,0.0,0.0,1.0,1.0,,,,,0.0,0.0
SV0556,0.0,3.3,1,Cao,at_risk,3,,,0.0,0.0,0.667,1.0,1.0,1.0,,,,,0.0,0.0,1.0,1.0,,,,
SV0557,2.62,6.9,0,Thấp,average,4,,,,,1.0,1.0,,,1.0,1.0,1.0,1.0,1.0,1.0,,,,,0.0,0.0
SV0558,0.25,3.78,1,Cao,at_risk,2,0.0,0.0,1.0,1.0,1.0,1.0,1.0,1.0,1.0,1.0,1.0,1.0,,,,,,,1.0,1.0
SV0559,3.0,7.64,0,Thấp,good,1,0.5,1.0,1.0,1.0,1.0,1.0,1.0,1.0,1.0,1.0,0.5,1.0,1.0,1.0,1.0,1.0,1.0,1.0,0.5,1.0
SV0560,1.38,6.08,0,Trung bình,average,4,,,0.0,0.0,1.0,1.0,,,1.0,1.0,1.0,1.0,0.0,0.0,0.0,0.0,1.0,1.0,,
SV0561,3.0,7.7,0,Thấp,good,1,1.0,1.0,1.0,1.0,,,,,0.5,1.0,0.0,0.0,0.0,0.0,,,,,1.0,1.0
SV0562,1.75,7.77,0,Thấp,good,2,,,1.0,1.0,1.0,1.0,,,1.0,1.0,,,0.667,1.0,1.0,1.0,1.0,1.0,,
SV0563,3.38,7.93,0,Thấp,good,2,0.0,0.0,,,1.0,1.0,0.0,0.0,1.0,1.0,1.0,1.0,,,,,,,,
SV0564,0.25,3.29,1,Cao,at_risk,2,1.0,1.0,,,0.5,1.0,1.0,1.0,,,1.0,1.0,0.0,0.0,,,1.0,1.0,,
SV0565,2.0,7.08,0,Thấp,good,3,1.0,1.0,1.0,1.0,1.0,1.0,,,1.0,1.0,,,1.0,1.0,,,,,,
SV0566,2.25,6.31,0,Thấp,average,3,1.0,1.0,1.0,1.0,0.0,0.0,1.0,1.0,1.0,1.0,1.0,1.0,,,,,,,,
SV0567,3.38,8.0,0,Thấp,good,2,1.0,1.0,1.0,1.0,,,1.0,1.0,0.5,1.0,1.0,1.0,,,,,,,,
SV0568,0.0,2.8,1,Cao,at_risk,3,0.5,1.0,,,0.25,0.0,1.0,1.0,,,,,,,1.0,1.0,0.0,0.0,,
SV0569,1.0,6.3,0,Thấp,average,3,1.0,1.0,1.0,1.0,1.0,1.0,,,0.0,0.0,,,,,0.0,0.0,0.0,0.0,1.0,1.0
SV0570,2.38,6.49,0,Thấp,average,2,0.0,0.0,,,1.0,1.0,,,,,0.0,0.0,,,,,,,0.0,0.0
SV0571,1.62,5.43,0,Cao,below_avg,2,0.0,0.0,1.0,1.0,,,0.0,0.0,,,,,0.0,0.0,,,,,1.0,1.0
SV0572,2.38,6.45,0,Trung bình,average,3,0.0,0.0,1.0,1.0,1.0,1.0,1.0,1.0,1.0,1.0,1.0,1.0,1.0,1.0,,,,,,
SV0573,3.12,7.52,0,Trung bình,good,2,1.0,1.0,1.0,1.0,0.333,0.0,0.0,0.0,,,,,1.0,1.0,,,1.0,1.0,1.0,1.0
SV0574,3.38,8.02,0,Thấp,excellent,3,0.5,1.0,1.0,1.0,0.5,1.0,1.0,1.0,1.0,1.0,1.0,1.0,1.0,1.0,0.0,0.0,1.0,1.0,0.0,0.0
SV0575,1.75,6.55,0,Trung bình,average,1,1.0,1.0,0.5,1.0,0.333,0.0,0.0,0.0,1.0,1.0,,,,,,,,,,
SV0576,1.5,5.24,0,Cao,below_avg,1,1.0,1.0,0.0,0.0,0.333,0.0,1.0,1.0,1.0,1.0,1.0,1.0,0.5,1.0,1.0,1.0,0.5,1.0,0.5,1.0
SV0577,3.0,7.65,0,Thấp,good,4,1.0,1.0,,,0.667,1.0,1.0,1.0,1.0,1.0,,,,,1.0,1.0,1.0,1.0,1.0,1.0
SV0578,1.88,7.26,0,Thấp,good,1,1.0,1.0,,,0.0,0.0,,,,,1.0,1.0,,,,,,,0.0,0.0
SV0579,1.62,6.34,0,Trung bình,average,3,1.0,1.0,,,0.5,1.0,1.0,1.0,,,1.0,1.0,,,0.5,1.0,,,,
SV0580,3.75,8.69,0,Thấp,excellent,2,,,,,1.0,1.0,1.0,1.0,,,1.0,1.0,,,0.0,0.0,1.0,1.0,,
SV0581,2.88,8.56,0,Thấp,excellent,3,0.5,1.0,1.0,1.0,0.667,1.0,1.0,1.0,,,,,1.0,1.0,0.0,0.0,1.0,1.0,,
SV0582,2.0,8.8,0,Trung bình,excellent,2,1.0,1.0,0.0,0.0,,,,,,,1.0,1.0,0.0,0.0,,,,,0.0,0.0
SV0583,1.38,5.66,0,Trung bình,average,1,,,1.0,1.0,1.0,1.0,0.0,0.0,1.0,1.0,,,1.0,1.0,1.0,1.0,,,0.0,0.0
SV0584,2.12,6.0,0,Cao,average,4,0.0,0.0,,,1.0,1.0,,,,,0.0,0.0,,,1.0,1.0,0.0,0.0,,
SV0585,3.0,7.45,0,Thấp,good,2,,,1.0,1.0,1.0,1.0,,,,,0.5,1.0,,,,,0.0,0.0,0.0,0.0
SV0586,2.0,8.84,0,Thấp,excellent,3,1.0,1.0,0.0,0.0,1.0,1.0,0.75,1.0,0.5,1.0,1.0,1.0,1.0,1.0,0.5,1.0,0.0,0.0,1.0,1.0
SV0587,1.38,7.33,0,Thấp,good,3,1.0,1.0,,,0.0,0.0,,,,,1.0,1.0,1.0,1.0,,,,,0.5,1.0
SV0588,3.12,7.39,0,Thấp,good,1,1.0,1.0,1.0,1.0,1.0,1.0,0.0,0.0,1.0,1.0,,,,,1.0,1.0,,,0.0,0.0
SV0589,3.0,7.42,0,Thấp,good,4,,,1.0,1.0,,,0.0,0.0,1.0,1.0,1.0,1.0,,,1.0,1.0,1.0,1.0,,
SV0590,0.75,4.68,0,Trung bình,below_avg,4,0.5,1.0,1.0,1.0,0.667,1.0,0.0,0.0,,,0.0,0.0,,,,,,,,
SV0591,1.75,6.4,0,Trung bình,average,3,0.0,0.0,1.0,1.0,1.0,1.0,,,0.0,0.0,,,,,1.0,1.0,1.0,1.0,,
SV0592,1.25,5.79,0,Trung bình,average,3,0.0,0.0,,,1.0,1.0,,,,,1.0,1.0,0.0,0.0,,,0.0,0.0,0.5,1.0
SV0593,0.0,3.34,1,Cao,at_risk,3,0.0,0.0,,,,,0.0,0.0,,,0.0,0.0,0.0,0.0,,,,,0.0,0.0
SV0594,2.0,5.89,0,Trung bình,average,1,1.0,1.0,0.5,1.0,1.0,1.0,,,,,0.5,1.0,,,,,,,,
SV0595,1.88,5.95,0,Thấp,average,2,,,,,1.0,1.0,0.0,0.0,,,0.5,1.0,,,1.0,1.0,,,,
SV0596,1.62,6.12,0,Trung bình,average,1,0.0,0.0,0.0,0.0,1.0,1.0,,,,,,,0.0,0.0,1.0,1.0,1.0,1.0,,
SV0597,1.25,5.88,0,Trung bình,average,4,0.0,0.0,,,1.0,1.0,0.5,1.0,,,,,0.0,0.0,,,1.0,1.0,,
SV0598,1.88,5.92,0,Trung bình,average,2,0.5,1.0,1.0,1.0,1.0,1.0,,,,,1.0,1.0,0.0,0.0,0.0,0.0,,,,
SV0599,1.25,4.94,0,Trung bình,below_avg,1,,,1.0,1.0,0.0,0.0,0.0,0.0,0.0,0.0,0.0,0.0,,,,,0.0,0.0,1.0,1.0
SV0600,3.25,7.7,0,Thấp,good,2,,,1.0,1.0,1.0,1.0,1.0,1.0,,,1.0,1.0,,,0.0,0.0,,,0.5,1.0
SV0601,3.62,8.5,0,Thấp,excellent,4,,,,,,,0.5,1.0,,,,,1.0,1.0,1.0,1.0,,,0.5,1.0
SV0602,3.0,7.34,0,Thấp,good,3,0.0,0.0,,,1.0,1.0,0.5,1.0,1.0,1.0,1.0,1.0,,,1.0,1.0,,,,
SV0603,2.75,8.72,0,Trung bình,excellent,3,,,0.0,0.0,,,0.0,0.0,,,1.0,1.0,,,,,,,0.667,1.0
SV0604,2.5,7.93,0,Thấp,good,4,,,1.0,1.0,,,,,,,1.0,1.0,,,,,,,0.5,1.0
SV0605,3.62,8.62,0,Thấp,excellent,2,1.0,1.0,1.0,1.0,0.333,0.0,1.0,1.0,1.0,1.0,,,,,,,,,,
SV0606,1.0,4.55,0,Cao,below_avg,1,1.0,1.0,,,0.0,0.0,,,,,0.667,1.0,,,,,0.0,0.0,,
SV0607,1.62,6.23,0,Trung bình,average,1,1.0,1.0,,,0.333,0.0,1.0,1.0,0.0,0.0,,,1.0,1.0,1.0,1.0,,,1.0,1.0
SV0608,3.25,7.8,0,Thấp,good,3,0.5,1.0,0.5,1.0,,,,,1.0,1.0,1.0,1.0,,,,,,,,
SV0609,2.88,8.52,0,Thấp,excellent,2,1.0,1.0,1.0,1.0,1.0,1.0,,,1.0,1.0,,,,,1.0,1.0,1.0,1.0,,
SV0610,0.25,4.56,0,Trung bình,below_avg,1,1.0,1.0,1.0,1.0,0.0,0.0,,,0.0,0.0,0.0,0.0,,,,,,,,
SV0611,0.0,3.53,1,Cao,at_risk,3,0.0,0.0,0.0,0.0,0.5,1.0,,,,,1.0,1.0,,,1.0,1.0,0.0,0.0,0.0,0.0
SV0612,1.88,5.66,0,Trung bình,average,3,0.0,0.0,,,0.5,1.0,,,,,0.5,1.0,0.0,0.0,1.0,1.0,,,,
SV0613,2.12,6.18,0,Trung bình,average,3,0.5,1.0,1.0,1.0,1.0,1.0,1.0,1.0,1.0,1.0,0.5,1.0,1.0,1.0,0.5,1.0,0.0,0.0,0.0,0.0
SV0614,0.0,3.18,1,Cao,at_risk,3,0.0,0.0,1.0,1.0,0.0,0.0,,,,,,,,,,,,,,
SV0615,2.62,6.75,0,Thấp,average,2,0.667,1.0,1.0,1.0,0.333,0.0,1.0,1.0,,,1.0,1.0,,,,,,,,
SV0616,2.62,7.02,0,Thấp,good,2,1.0,1.0,1.0,1.0,0.5,1.0,0.0,0.0,0.0,0.0,,,,,0.0,0.0,,,,
SV0617,2.38,6.51,0,Trung bình,average,2,,,,,1.0,1.0,1.0,1.0,,,1.0,1.0,,,1.0,1.0,1.0,1.0,0.0,0.0
SV0618,3.0,9.09,0,Thấp,excellent,1,0.5,1.0,,,1.0,1.0,,,,,1.0,1.0,,,,,,,,
SV0619,0.88,4.97,0,Trung bình,below_avg,2,,,,,1.0,1.0,,,,,0.0,0.0,0.5,1.0,1.0,1.0,1.0,1.0,,
SV0620,1.38,4.95,0,Trung bình,below_avg,1,1.0,1.0,0.333,0.0,0.5,1.0,,,,,0.0,0.0,,,,,,,0.0,0.0
SV0621,0.0,3.01,1,Cao,at_risk,3,1.0,1.0,0.5,1.0,0.0,0.0,0.0,0.0,0.0,0.0,,,,,,,,,1.0,1.0
SV0622,0.0,3.65,1,Cao,at_risk,4,,,0.0,0.0,0.0,0.0,1.0,1.0,,,0.0,0.0,1.0,1.0,0.5,1.0,,,1.0,1.0
SV0623,2.62,6.76,0,Thấp,average,1,1.0,1.0,1.0,1.0,1.0,1.0,,,,,0.5,1.0,,,,,0.0,0.0,0.0,0.0
SV0624,1.25,5.86,0,Trung bình,average,3,,,0.0,0.0,0.0,0.0,1.0,1.0,0.0,0.0,0.0,0.0,1.0,1.0,,,,,,
SV0625,2.75,7.16,0,Thấp,good,3,,,1.0,1.0,0.333,0.0,,,,,,,1.0,1.0,1.0,1.0,1.0,1.0,0.0,0.0
SV0626,2.25,6.2,0,Trung bình,average,2,,,,,,,,,,,1.0,1.0,0.0,0.0,,,,,0.0,0.0
SV0627,1.62,5.52,0,Trung bình,below_avg,3,1.0,1.0,1.0,1.0,1.0,1.0,1.0,1.0,,,,,1.0,1.0,0.0,0.0,,,,
SV0628,1.38,5.0,0,Trung bình,below_avg,4,0.5,1.0,0.5,1.0,0.5,1.0,0.0,0.0,1.0,1.0,0.5,1.0,0.0,0.0,1.0,1.0,1.0,1.0,1.0,1.0
SV0629,1.5,6.1,0,Thấp,average,3,0.667,1.0,1.0,1.0,0.5,1.0,0.0,0.0,,,,,,,,,,,0.0,0.0
SV0630,2.88,8.59,0,Thấp,excellent,1,0.5,1.0,1.0,1.0,0.0,0.0,0.0,0.0,,,,,,,,,,,1.0,1.0
SV0631,1.75,6.62,0,Thấp,average,1,,,1.0,1.0,0.0,0.0,,,1.0,1.0,1.0,1.0,1.0,1.0,,,0.0,0.0,0.0,0.0
SV0632,1.5,4.94,0,Trung bình,below_avg,4,,,,,1.0,1.0,1.0,1.0,0.0,0.0,0.667,1.0,,,,,,,1.0,1.0
SV0633,0.0,2.85,1,Cao,at_risk,4,,,,,,,,,,,0.5,1.0,0.5,1.0,0.0,0.0,,,,
SV0634,0.75,4.35,0,Trung bình,below_avg,4,0.0,0.0,,,0.5,1.0,1.0,1.0,,,1.0,1.0,0.0,0.0,,,,,,
SV0635,3.0,8.88,0,Thấp,excellent,4,1.0,1.0,1.0,1.0,1.0,1.0,1.0,1.0,1.0,1.0,,,,,1.0,1.0,1.0,1.0,,
SV0636,3.12,7.57,0,Thấp,good,1,1.0,1.0,,,1.0,1.0,1.0,1.0,,,,,0.0,0.0,1.0,1.0,,,,
SV0637,2.62,6.78,0,Thấp,average,4,1.0,1.0,0.5,1.0,0.5,1.0,1.0,1.0,0.0,0.0,0.0,0.0,0.0,0.0,1.0,1.0,1.0,1.0,1.0,1.0
SV0638,2.38,6.42,0,Trung bình,average,2,0.0,0.0,1.0,1.0,0.5,1.0,,,,,1.0,1.0,1.0,1.0,,,1.0,1.0,,
SV0639,2.0,6.42,0,Trung bình,average,4,1.0,1.0,,,0.0,0.0,,,,,0.5,1.0,,,,,1.0,1.0,0.0,0.0
SV0640,3.0,7.47,0,Thấp,good,3,1.0,1.0,0.0,0.0,0.667,1.0,1.0,1.0,0.0,0.0,0.0,0.0,1.0,1.0,1.0,1.0,1.0,1.0,1.0,1.0
SV0641,1.12,4.53,0,Cao,below_avg,1,1.0,1.0,0.0,0.0,1.0,1.0,0.0,0.0,0.0,0.0,,,,,,,,,0.5,1.0
SV0642,1.62,6.09,0,Trung bình,average,2,1.0,1.0,,,0.667,1.0,0.0,0.0,,,,,,,0.0,0.0,,,0.0,0.0
SV0643,2.12,7.62,0,Thấp,good,2,1.0,1.0,0.0,0.0,1.0,1.0,1.0,1.0,,,,,1.0,1.0,1.0,1.0,,,1.0,1.0
SV0644,2.75,8.7,0,Thấp,excellent,4,1.0,1.0,0.667,1.0,1.0,1.0,0.0,0.0,1.0,1.0,0.0,0.0,1.0,1.0,1.0,1.0,1.0,1.0,1.0,1.0
SV0645,3.88,8.66,0,Thấp,excellent,1,1.0,1.0,,,0.667,1.0,1.0,1.0,1.0,1.0,1.0,1.0,,,,,,,,
SV0646,3.88,8.71,0,Thấp,excellent,1,1.0,1.0,1.0,1.0,0.333,0.0,1.0,1.0,1.0,1.0,1.0,1.0,0.5,1.0,0.5,1.0,0.0,0.0,0.5,1.0
SV0647,1.12,6.65,0,Trung bình,average,4,0.5,1.0,1.0,1.0,0.0,0.0,1.0,1.0,1.0,1.0,0.0,0.0,1.0,1.0,1.0,1.0,1.0,1.0,0.333,0.0
SV0648,2.12,6.1,0,Thấp,average,4,1.0,1.0,1.0,1.0,1.0,1.0,,,,,,,1.0,1.0,1.0,1.0,1.0,1.0,1.0,1.0
SV0649,2.12,6.16,0,Thấp,average,1,0.0,0.0,0.333,0.0,1.0,1.0,0.0,0.0,1.0,1.0,0.0,0.0,0.5,1.0,1.0,1.0,1.0,1.0,1.0,1.0
SV0650,2.75,7.1,0,Thấp,good,3,1.0,1.0,1.0,1.0,1.0,1.0,1.0,1.0,1.0,1.0,1.0,1.0,,,,,,,1.0,1.0
SV0651,2.25,7.34,0,Thấp,good,1,,,,,0.0,0.0,0.0,0.0,,,,,1.0,1.0,1.0,1.0,,,1.0,1.0
SV0652,2.0,6.06,0,Thấp,average,1,0.5,1.0,1.0,1.0,0.667,1.0,1.0,1.0,,,,,,,,,,,0.0,0.0
SV0653,1.75,5.65,0,Trung bình,below_avg,2,0.0,0.0,1.0,1.0,0.5,1.0,,,,,0.0,0.0,,,0.5,1.0,1.0,1.0,,
SV0654,1.38,4.88,0,Trung bình,below_avg,4,1.0,1.0,0.5,1.0,1.0,1.0,,,1.0,1.0,,,0.0,0.0,,,,,0.0,0.0
SV0655,3.88,8.72,0,Thấp,excellent,3,1.0,1.0,,,,,,,,,0.5,1.0,,,,,,,,
SV0656,1.38,5.1,0,Trung bình,below_avg,2,0.5,1.0,0.5,1.0,0.667,1.0,,,,,0.0,0.0,,,,,,,,
SV0657,2.5,6.86,0,Thấp,good,1,0.0,0.0,1.0,1.0,0.5,1.0,1.0,1.0,0.0,0.0,0.0,0.0,1.0,1.0,0.5,1.0,1.0,1.0,1.0,1.0
SV0658,1.5,5.15,0,Cao,below_avg,2,,,,,,,1.0,1.0,,,1.0,1.0,,,1.0,1.0,,,0.0,0.0
SV0659,2.12,6.19,0,Thấp,average,2,0.0,0.0,0.0,0.0,0.0,0.0,0.0,0.0,,,1.0,1.0,,,1.0,1.0,,,0.0,0.0
SV0660,1.75,5.63,0,Trung bình,average,2,1.0,1.0,1.0,1.0,0.0,0.0,,,,,0.0,0.0,,,,,,,0.0,0.0
SV0661,2.88,7.34,0,Thấp,good,2,0.0,0.0,0.0,0.0,,,,,1.0,1.0,0.0,0.0,,,,,,,1.0,1.0
SV0662,4.0,8.81,0,Thấp,excellent,1,1.0,1.0,0.5,1.0,,,0.0,0.0,1.0,1.0,,,,,,,,,1.0,1.0
SV0663,2.62,8.26,0,Thấp,excellent,3,1.0,1.0,1.0,1.0,0.667,1.0,,,,,,,,,,,,,,
SV0664,2.12,7.35,0,Thấp,good,2,1.0,1.0,1.0,1.0,1.0,1.0,1.0,1.0,0.0,0.0,,,,,0.0,0.0,,,1.0,1.0
SV0665,3.0,7.46,0,Thấp,good,3,0.5,1.0,1.0,1.0,1.0,1.0,1.0,1.0,0.0,0.0,0.5,1.0,1.0,1.0,0.0,0.0,1.0,1.0,1.0,1.0
SV0666,2.88,7.2,0,Thấp,good,2,0.0,0.0,,,1.0,1.0,1.0,1.0,,,0.5,1.0,0.0,0.0,,,,,,
SV0667,2.0,6.86,0,Thấp,average,1,1.0,1.0,1.0,1.0,0.5,1.0,0.0,0.0,0.0,0.0,0.0,0.0,1.0,1.0,1.0,1.0,1.0,1.0,1.0,1.0
SV0668,2.25,7.56,0,Thấp,good,2,,,1.0,1.0,0.0,0.0,1.0,1.0,1.0,1.0,0.5,1.0,,,,,,,0.0,0.0
SV0669,0.5,3.96,1,Cao,at_risk,2,1.0,1.0,0.0,0.0,0.25,0.0,0.667,1.0,1.0,1.0,1.0,1.0,1.0,1.0,1.0,1.0,0.5,1.0,1.0,1.0
SV0670,3.75,8.77,0,Thấp,excellent,1,1.0,1.0,1.0,1.0,0.5,1.0,,,,,1.0,1.0,,,,,,,0.0,0.0
SV0671,2.75,7.05,0,Thấp,good,3,0.0,0.0,1.0,1.0,,,1.0,1.0,1.0,1.0,1.0,1.0,,,,,,,0.0,0.0
SV0672,1.0,5.28,0,Cao,below_avg,2,0.0,0.0,1.0,1.0,0.0,0.0,,,1.0,1.0,1.0,1.0,0.5,1.0,0.0,0.0,,,,
SV0673,0.0,3.13,1,Cao,at_risk,3,1.0,1.0,1.0,1.0,1.0,1.0,1.0,1.0,,,,,0.0,0.0,,,,,0.0,0.0
SV0674,1.5,6.12,0,Thấp,average,1,,,0.0,0.0,0.5,1.0,,,0.5,1.0,0.0,0.0,0.0,0.0,,,0.0,0.0,,
SV0675,1.12,4.57,0,Cao,below_avg,4,0.333,0.0,0.0,0.0,0.25,0.0,0.0,0.0,1.0,1.0,,,,,,,,,,
SV0676,2.5,6.74,0,Trung bình,good,4,1.0,1.0,,,1.0,1.0,0.0,0.0,,,0.5,1.0,,,,,,,1.0,1.0
SV0677,3.0,7.46,0,Thấp,good,3,1.0,1.0,1.0,1.0,1.0,1.0,1.0,1.0,0.0,0.0,1.0,1.0,0.0,0.0,1.0,1.0,1.0,1.0,1.0,1.0
SV0678,3.88,8.86,0,Thấp,excellent,2,1.0,1.0,1.0,1.0,1.0,1.0,0.0,0.0,1.0,1.0,,,1.0,1.0,1.0,1.0,1.0,1.0,,
SV0679,1.88,5.79,0,Thấp,average,3,,,0.0,0.0,0.667,1.0,0.0,0.0,,,,,0.0,0.0,,,0.5,1.0,1.0,1.0
SV0680,1.62,6.41,0,Thấp,average,4,,,0.0,0.0,,,,,,,0.5,1.0,1.0,1.0,0.5,1.0,,,,
SV0681,1.75,6.82,0,Trung bình,average,3,,,1.0,1.0,0.0,0.0,0.667,1.0,0.5,1.0,,,1.0,1.0,1.0,1.0,,,,
SV0682,4.0,8.91,0,Thấp,excellent,4,0.0,0.0,,,1.0,1.0,0.5,1.0,,,,,,,,,1.0,1.0,0.0,0.0
SV0683,1.12,4.58,0,Cao,below_avg,2,0.0,0.0,,,0.667,1.0,0.0,0.0,,,,,0.5,1.0,0.0,0.0,,,,
SV0684,0.75,5.27,0,Trung bình,below_avg,1,1.0,1.0,1.0,1.0,1.0,1.0,0.0,0.0,1.0,1.0,0.667,1.0,1.0,1.0,0.0,0.0,1.0,1.0,0.5,1.0
SV0685,0.75,4.64,0,Cao,below_avg,1,0.5,1.0,0.0,0.0,1.0,1.0,,,0.0,0.0,,,0.0,0.0,,,,,,
SV0686,2.12,6.94,0,Thấp,good,3,,,,,0.0,0.0,0.0,0.0,,,1.0,1.0,1.0,1.0,1.0,1.0,,,0.5,1.0
SV0687,3.88,8.68,0,Thấp,excellent,1,0.0,0.0,1.0,1.0,1.0,1.0,0.0,0.0,1.0,1.0,1.0,1.0,,,,,,,0.0,0.0
SV0688,2.0,6.85,0,Trung bình,average,2,1.0,1.0,,,0.5,1.0,,,,,1.0,1.0,0.5,1.0,1.0,1.0,,,,
SV0689,2.62,8.04,0,Thấp,good,1,,,,,1.0,1.0,1.0,1.0,,,1.0,1.0,,,0.0,0.0,,,1.0,1.0
SV0690,0.25,3.6,1,Cao,at_risk,1,1.0,1.0,1.0,1.0,0.5,1.0,1.0,1.0,,,0.0,0.0,,,,,,,,
SV0691,1.75,6.04,0,Trung bình,average,2,1.0,1.0,0.0,0.0,0.0,0.0,1.0,1.0,1.0,1.0,,,0.0,0.0,,,,,,
SV0692,2.12,6.04,0,Thấp,average,2,0.0,0.0,1.0,1.0,0.5,1.0,,,,,1.0,1.0,,,0.0,0.0,1.0,1.0,,
SV0693,3.62,8.48,0,Thấp,excellent,3,,,1.0,1.0,1.0,1.0,,,,,0.5,1.0,1.0,1.0,1.0,1.0,,,0.0,0.0
SV0694,1.0,4.72,1,Cao,below_avg,4,0.5,1.0,1.0,1.0,0.667,1.0,1.0,1.0,1.0,1.0,0.0,0.0,0.0,0.0,0.5,1.0,1.0,1.0,1.0,1.0
SV0695,2.5,6.78,0,Thấp,average,2,,,,,1.0,1.0,1.0,1.0,1.0,1.0,1.0,1.0,,,,,,,,
SV0696,2.12,7.16,0,Thấp,good,2,0.5,1.0,,,1.0,1.0,,,,,1.0,1.0,,,,,,,1.0,1.0
SV0697,3.75,8.52,0,Thấp,excellent,4,1.0,1.0,1.0,1.0,1.0,1.0,,,0.0,0.0,1.0,1.0,,,,,,,,
SV0698,0.25,3.06,1,Cao,at_risk,2,0.0,0.0,,,0.333,0.0,1.0,1.0,1.0,1.0,0.0,0.0,,,,,,,,
SV0699,2.88,7.23,0,Thấp,good,3,,,1.0,1.0,1.0,1.0,1.0,1.0,,,1.0,1.0,,,,,,,0.0,0.0
SV0700,3.0,8.86,0,Thấp,excellent,2,1.0,1.0,,,0.5,1.0,,,,,1.0,1.0,0.0,0.0,1.0,1.0,1.0,1.0,,
SV0701,1.12,5.08,0,Trung bình,below_avg,3,1.0,1.0,,,1.0,1.0,,,,,0.0,0.0,,,0.0,0.0,,,0.0,0.0
SV0702,1.38,6.91,0,Trung bình,average,2,1.0,1.0,,,0.5,1.0,,,,,0.5,1.0,1.0,1.0,1.0,1.0,,,,
SV0703,0.0,3.39,1,Cao,at_risk,2,0.0,0.0,1.0,1.0,1.0,1.0,0.0,0.0,1.0,1.0,0.0,0.0,1.0,1.0,0.0,0.0,,,0.0,0.0
SV0704,3.0,8.88,0,Thấp,excellent,4,0.0,0.0,1.0,1.0,1.0,1.0,1.0,1.0,,,,,1.0,1.0,,,1.0,1.0,,
SV0705,0.25,3.12,1,Cao,at_risk,2,1.0,1.0,0.0,0.0,0.75,1.0,0.0,0.0,,,,,1.0,1.0,1.0,1.0,,,,
SV0706,1.62,5.36,0,Trung bình,below_avg,3,1.0,1.0,0.0,0.0,1.0,1.0,1.0,1.0,1.0,1.0,1.0,1.0,,,,,1.0,1.0,,
SV0707,0.88,4.54,0,Trung bình,below_avg,1,0.667,1.0,,,0.667,1.0,,,,,1.0,1.0,,,,,,,,
SV0708,0.0,3.07,1,Cao,at_risk,4,,,0.0,0.0,0.0,0.0,0.0,0.0,,,,,,,0.667,1.0,0.0,0.0,,
SV0709,2.38,6.52,0,Thấp,average,1,1.0,1.0,1.0,1.0,0.5,1.0,1.0,1.0,1.0,1.0,0.0,0.0,1.0,1.0,1.0,1.0,1.0,1.0,0.333,0.0
SV0710,2.5,6.62,0,Trung bình,average,2,1.0,1.0,1.0,1.0,0.667,1.0,1.0,1.0,,,,,1.0,1.0,0.5,1.0,,,,
SV0711,2.12,7.35,0,Thấp,good,1,0.667,1.0,1.0,1.0,0.5,1.0,,,1.0,1.0,,,0.0,0.0,,,,,,
SV0712,2.0,5.93,0,Thấp,average,2,0.0,0.0,0.0,0.0,0.667,1.0,1.0,1.0,1.0,1.0,,,1.0,1.0,,,,,,
SV0713,0.25,3.64,1,Cao,at_risk,1,0.0,0.0,0.0,0.0,1.0,1.0,,,0.0,0.0,,,,,,,,,1.0,1.0
SV0714,3.0,8.91,0,Thấp,excellent,4,,,1.0,1.0,1.0,1.0,1.0,1.0,,,1.0,1.0,,,,,,,0.0,0.0
SV0715,0.88,4.5,0,Trung bình,below_avg,2,0.5,1.0,1.0,1.0,0.333,0.0,1.0,1.0,,,0.0,0.0,,,,,0.0,0.0,,
SV0716,3.38,8.07,0,Thấp,excellent,4,1.0,1.0,1.0,1.0,1.0,1.0,,,,,1.0,1.0,1.0,1.0,,,0.0,0.0,0.0,0.0
SV0717,2.12,6.2,0,Trung bình,average,4,1.0,1.0,1.0,1.0,1.0,1.0,0.0,0.0,0.0,0.0,1.0,1.0,,,,,,,0.0,0.0
SV0718,1.0,4.52,0,Trung bình,below_avg,2,0.0,0.0,,,0.5,1.0,,,,,0.0,0.0,0.0,0.0,0.5,1.0,,,,
SV0719,1.62,5.23,0,Trung bình,below_avg,3,0.0,0.0,1.0,1.0,1.0,1.0,0.0,0.0,1.0,1.0,0.333,0.0,0.0,0.0,1.0,1.0,0.0,0.0,0.5,1.0
SV0720,2.62,6.93,0,Thấp,average,4,0.0,0.0,1.0,1.0,0.5,1.0,0.0,0.0,1.0,1.0,,,1.0,1.0,1.0,1.0,,,,
SV0721,0.75,4.95,0,Cao,below_avg,2,1.0,1.0,1.0,1.0,1.0,1.0,,,,,0.0,0.0,0.0,0.0,,,0.0,0.0,1.0,1.0
SV0722,2.12,6.11,0,Trung bình,average,1,0.0,0.0,0.0,0.0,0.0,0.0,,,1.0,1.0,1.0,1.0,0.0,0.0,0.0,0.0,,,,
SV0723,1.75,5.4,0,Trung bình,below_avg,4,1.0,1.0,0.0,0.0,0.333,0.0,0.0,0.0,0.0,0.0,,,,,,,,,,
SV0724,1.62,6.22,0,Thấp,average,3,0.5,1.0,0.5,1.0,0.0,0.0,1.0,1.0,0.5,1.0,0.0,0.0,1.0,1.0,1.0,1.0,1.0,1.0,0.5,1.0
SV0725,1.38,5.02,0,Trung bình,below_avg,2,1.0,1.0,,,,,,,,,1.0,1.0,1.0,1.0,,,,,1.0,1.0
SV0726,3.0,8.73,0,Thấp,excellent,2,1.0,1.0,,,0.667,1.0,1.0,1.0,,,1.0,1.0,1.0,1.0,0.0,0.0,,,,
SV0727,1.12,5.36,0,Trung bình,below_avg,3,,,,,0.0,0.0,1.0,1.0,,,0.5,1.0,,,,,0.5,1.0,0.0,0.0
SV0728,3.88,8.75,0,Thấp,excellent,4,,,1.0,1.0,,,,,,,0.0,0.0,1.0,1.0,1.0,1.0,,,1.0,1.0
SV0729,2.12,7.46,0,Thấp,good,1,1.0,1.0,,,1.0,1.0,1.0,1.0,1.0,1.0,,,1.0,1.0,0.5,1.0,1.0,1.0,,
SV0730,3.38,7.89,0,Thấp,good,4,1.0,1.0,1.0,1.0,0.5,1.0,1.0,1.0,,,,,,,,,,,1.0,1.0
SV0731,1.5,6.11,0,Thấp,average,3,0.667,1.0,0.5,1.0,1.0,1.0,0.0,0.0,1.0,1.0,1.0,1.0,0.0,0.0,1.0,1.0,0.0,0.0,1.0,1.0
SV0732,1.38,5.88,0,Trung bình,average,3,0.5,1.0,1.0,1.0,1.0,1.0,,,0.0,0.0,1.0,1.0,,,,,,,,
SV0733,0.25,2.9,1,Cao,at_risk,2,0.0,0.0,0.0,0.0,0.333,0.0,,,,,1.0,1.0,,,,,,,,
SV0734,0.5,4.42,0,Trung bình,below_avg,1,0.0,0.0,0.0,0.0,0.5,1.0,1.0,1.0,0.0,0.0,,,1.0,1.0,0.0,0.0,0.0,0.0,,
SV0735,3.0,7.5,0,Thấp,good,3,,,1.0,1.0,0.0,0.0,,,,,,,0.5,1.0,1.0,1.0,0.0,0.0,1.0,1.0
SV0736,1.0,4.92,0,Trung bình,below_avg,3,0.0,0.0,0.667,1.0,1.0,1.0,0.0,0.0,0.0,0.0,,,1.0,1.0,0.0,0.0,,,,
SV0737,0.25,3.81,1,Cao,at_risk,1,0.0,0.0,,,0.0,0.0,0.0,0.0,,,,,,,0.5,1.0,1.0,1.0,0.0,0.0
SV0738,1.5,5.01,0,Trung bình,below_avg,3,0.333,0.0,,,0.667,1.0,0.0,0.0,,,1.0,1.0,,,,,,,,
SV0739,0.38,3.69,1,Cao,at_risk,1,0.0,0.0,,,0.0,0.0,1.0,1.0,,,0.0,0.0,0.0,0.0,,,,,0.0,0.0
SV0740,0.0,3.6,1,Cao,at_risk,4,1.0,1.0,0.0,0.0,1.0,1.0,1.0,1.0,,,0.0,0.0,,,,,1.0,1.0,,
SV0741,3.12,7.68,0,Thấp,good,2,1.0,1.0,0.5,1.0,1.0,1.0,0.0,0.0,1.0,1.0,,,,,,,,,1.0,1.0
SV0742,2.88,8.51,0,Thấp,excellent,2,1.0,1.0,0.0,0.0,1.0,1.0,,,1.0,1.0,1.0,1.0,,,,,,,1.0,1.0
SV0743,1.5,4.99,0,Trung bình,below_avg,2,0.5,1.0,0.0,0.0,0.667,1.0,0.5,1.0,0.5,1.0,,,,,,,,,,
SV0744,2.5,6.73,0,Thấp,good,2,0.0,0.0,1.0,1.0,,,0.0,0.0,1.0,1.0,,,1.0,1.0,,,,,0.0,0.0
SV0745,1.5,5.81,0,Trung bình,average,1,1.0,1.0,1.0,1.0,1.0,1.0,,,,,,,,,0.0,0.0,,,0.5,1.0
SV0746,3.62,8.33,0,Thấp,excellent,2,0.5,1.0,1.0,1.0,1.0,1.0,0.0,0.0,0.0,0.0,0.5,1.0,1.0,1.0,1.0,1.0,0.0,0.0,1.0,1.0
SV0747,3.75,8.68,0,Thấp,excellent,4,1.0,1.0,1.0,1.0,1.0,1.0,,,,,1.0,1.0,,,,,,,0.0,0.0
SV0748,2.0,6.9,0,Thấp,average,3,,,,,1.0,1.0,0.0,0.0,,,0.5,1.0,1.0,1.0,0.0,0.0,1.0,1.0,,
SV0749,2.38,6.49,0,Trung bình,average,3,0.5,1.0,1.0,1.0,1.0,1.0,1.0,1.0,1.0,1.0,,,,,,,,,0.0,0.0
SV0750,2.75,6.97,0,Thấp,good,3,1.0,1.0,0.5,1.0,0.667,1.0,1.0,1.0,0.0,0.0,0.0,0.0,1.0,1.0,1.0,1.0,0.0,0.0,0.5,1.0
SV0751,3.75,8.7,0,Thấp,excellent,1,1.0,1.0,1.0,1.0,1.0,1.0,0.0,0.0,1.0,1.0,,,,,1.0,1.0,1.0,1.0,0.5,1.0
SV0752,1.75,7.58,0,Thấp,good,4,,,,,1.0,1.0,,,,,1.0,1.0,1.0,1.0,,,1.0,1.0,,
SV0753,1.25,4.8,0,Trung bình,below_avg,2,0.5,1.0,0.5,1.0,0.0,0.0,,,,,1.0,1.0,1.0,1.0,,,,,,
SV0754,1.25,6.7,0,Thấp,average,1,0.0,0.0,,,,,,,,,1.0,1.0,0.0,0.0,,,,,,
SV0755,2.0,6.77,0,Thấp,good,1,0.0,0.0,1.0,1.0,1.0,1.0,,,1.0,1.0,,,1.0,1.0,,,,,0.0,0.0
SV0756,2.62,6.84,0,Trung bình,average,3,,,1.0,1.0,,,,,1.0,1.0,,,,,,,,,0.667,1.0
SV0757,0.75,4.48,0,Trung bình,below_avg,3,1.0,1.0,0.5,1.0,,,0.0,0.0,0.0,0.0,,,,,0.0,0.0,1.0,1.0,1.0,1.0
SV0758,1.12,4.83,0,Trung bình,below_avg,2,0.667,1.0,0.5,1.0,0.333,0.0,0.5,1.0,1.0,1.0,,,,,,,,,,
SV0759,1.62,6.6,0,Trung bình,average,4,1.0,1.0,1.0,1.0,1.0,1.0,0.5,1.0,,,,,,,0.5,1.0,,,0.0,0.0
SV0760,1.38,4.96,0,Trung bình,below_avg,3,1.0,1.0,0.0,0.0,0.0,0.0,,,0.0,0.0,0.0,0.0,,,0.0,0.0,,,,
SV0761,0.75,4.87,0,Cao,below_avg,1,0.0,0.0,1.0,1.0,0.5,1.0,1.0,1.0,0.0,0.0,,,1.0,1.0,0.0,0.0,,,,
SV0762,4.0,8.94,0,Thấp,excellent,4,,,1.0,1.0,1.0,1.0,1.0,1.0,1.0,1.0,1.0,1.0,,,,,0.0,0.0,1.0,1.0
SV0763,0.25,4.24,1,Cao,below_avg,4,,,0.5,1.0,,,,,0.5,1.0,0.0,0.0,,,,,,,0.0,0.0
SV0764,2.38,7.98,0,Thấp,good,4,1.0,1.0,,,1.0,1.0,1.0,1.0,,,0.0,0.0,0.0,0.0,1.0,1.0,1.0,1.0,0.0,0.0
SV0765,3.0,7.56,0,Thấp,good,3,1.0,1.0,1.0,1.0,,,1.0,1.0,,,1.0,1.0,,,1.0,1.0,,,,
SV0766,0.5,3.94,1,Cao,at_risk,1,1.0,1.0,0.0,0.0,1.0,1.0,,,,,,,1.0,1.0,1.0,1.0,0.0,0.0,0.0,0.0
SV0767,0.62,4.29,1,Trung bình,below_avg,4,0.667,1.0,0.5,1.0,0.5,1.0,0.5,1.0,1.0,1.0,0.0,0.0,1.0,1.0,0.0,0.0,1.0,1.0,1.0,1.0
SV0768,1.5,5.29,0,Trung bình,below_avg,2,1.0,1.0,1.0,1.0,1.0,1.0,,,,,,,1.0,1.0,0.333,0.0,,,,
SV0769,2.5,6.83,0,Thấp,average,3,,,1.0,1.0,0.5,1.0,1.0,1.0,0.5,1.0,,,1.0,1.0,1.0,1.0,,,0.0,0.0
SV0770,0.25,3.91,1,Cao,at_risk,4,0.0,0.0,0.0,0.0,0.0,0.0,1.0,1.0,1.0,1.0,1.0,1.0,,,,,,,1.0,1.0
SV0771,0.88,4.5,0,Trung bình,below_avg,1,0.0,0.0,,,0.0,0.0,,,,,0.5,1.0,,,,,,,0.0,0.0
SV0772,1.38,4.99,0,Cao,below_avg,3,,,1.0,1.0,0.0,0.0,,,1.0,1.0,1.0,1.0,0.5,1.0,0.0,0.0,,,,
SV0773,2.88,7.04,0,Trung bình,good,3,1.0,1.0,1.0,1.0,0.5,1.0,1.0,1.0,1.0,1.0,1.0,1.0,1.0,1.0,1.0,1.0,1.0,1.0,1.0,1.0
SV0774,0.88,4.83,0,Cao,below_avg,3,0.0,0.0,1.0,1.0,0.333,0.0,0.0,0.0,1.0,1.0,1.0,1.0,0.0,0.0,0.5,1.0,1.0,1.0,1.0,1.0
SV0775,2.88,7.4,0,Thấp,good,1,1.0,1.0,1.0,1.0,1.0,1.0,1.0,1.0,1.0,1.0,0.5,1.0,0.0,0.0,1.0,1.0,1.0,1.0,1.0,1.0
SV0776,2.25,6.41,0,Thấp,average,3,,,0.0,0.0,0.5,1.0,1.0,1.0,1.0,1.0,0.0,0.0,0.0,0.0,,,1.0,1.0,,
SV0777,3.75,8.87,0,Thấp,excellent,4,1.0,1.0,1.0,1.0,1.0,1.0,1.0,1.0,,,,,,,1.0,1.0,,,,
SV0778,2.0,6.73,0,Thấp,good,2,,,1.0,1.0,1.0,1.0,0.0,0.0,1.0,1.0,0.0,0.0,,,0.0,0.0,,,1.0,1.0
SV0779,1.25,5.44,0,Cao,below_avg,1,1.0,1.0,1.0,1.0,1.0,1.0,,,,,,,0.5,1.0,0.0,0.0,,,,
SV0780,0.25,3.58,1,Cao,at_risk,2,0.0,0.0,1.0,1.0,,,,,,,0.333,0.0,,,,,0.0,0.0,,
SV0781,0.5,3.38,1,Cao,at_risk,1,0.0,0.0,0.0,0.0,0.0,0.0,0.0,0.0,,,1.0,1.0,,,,,,,0.0,0.0
SV0782,1.12,4.56,0,Trung bình,below_avg,3,1.0,1.0,0.0,0.0,0.0,0.0,,,,,0.0,0.0,0.0,0.0,0.0,0.0,,,,
SV0783,3.5,8.14,0,Thấp,excellent,4,0.5,1.0,1.0,1.0,0.667,1.0,1.0,1.0,0.667,1.0,0.0,0.0,1.0,1.0,1.0,1.0,1.0,1.0,0.0,0.0
SV0784,3.12,7.68,0,Thấp,good,2,1.0,1.0,,,1.0,1.0,,,,,0.667,1.0,,,,,1.0,1.0,,
SV0785,1.75,5.87,0,Trung bình,average,3,,,0.0,0.0,1.0,1.0,,,1.0,1.0,,,0.5,1.0,1.0,1.0,,,,
SV0786,1.38,4.96,0,Trung bình,below_avg,4,,,,,0.0,0.0,,,1.0,1.0,1.0,1.0,0.0,0.0,1.0,1.0,,,,
SV0787,0.88,4.95,0,Trung bình,below_avg,4,,,,,1.0,1.0,,,,,1.0,1.0,1.0,1.0,0.0,0.0,0.0,0.0,,
SV0788,1.75,6.48,0,Trung bình,average,2,,,,,,,,,,,0.667,1.0,1.0,1.0,,,,,0.5,1.0
SV0789,2.25,6.32,0,Thấp,average,1,1.0,1.0,1.0,1.0,1.0,1.0,,,0.0,0.0,1.0,1.0,0.0,0.0,0.0,0.0,,,0.0,0.0
SV0790,0.25,3.47,1,Cao,at_risk,1,0.0,0.0,1.0,1.0,0.0,0.0,,,0.0,0.0,1.0,1.0,0.0,0.0,0.0,0.0,,,,
SV0791,3.12,7.48,0,Trung bình,good,4,0.333,0.0,,,1.0,1.0,,,,,,,1.0,1.0,1.0,1.0,,,,
SV0792,0.88,4.37,1,Trung bình,below_avg,2,1.0,1.0,,,0.5,1.0,0.5,1.0,1.0,1.0,,,,,0.0,0.0,0.0,0.0,,
SV0793,1.75,6.44,0,Thấp,average,2,0.5,1.0,1.0,1.0,0.333,0.0,1.0,1.0,1.0,1.0,1.0,1.0,0.5,1.0,0.0,0.0,1.0,1.0,1.0,1.0
SV0794,0.75,4.38,1,Cao,below_avg,2,,,0.5,1.0,0.0,0.0,,,0.0,0.0,1.0,1.0,,,0.0,0.0,0.0,0.0,,
SV0795,1.62,6.2,0,Trung bình,average,3,,,1.0,1.0,0.5,1.0,0.0,0.0,,,0.0,0.0,,,1.0,1.0,1.0,1.0,,
SV0796,3.38,7.91,0,Thấp,good,3,1.0,1.0,1.0,1.0,,,,,1.0,1.0,,,,,,,,,1.0,1.0
SV0797,2.25,6.4,0,Trung bình,average,4,,,1.0,1.0,0.0,0.0,,,,,0.667,1.0,,,,,,,0.0,0.0
SV0798,3.38,7.97,0,Thấp,good,3,,,0.5,1.0,,,,,0.5,1.0,1.0,1.0,1.0,1.0,,,,,0.0,0.0
SV0799,0.0,3.03,1,Cao,at_risk,4,0.667,1.0,1.0,1.0,1.0,1.0,,,1.0,1.0,1.0,1.0,,,,,0.0,0.0,,
SV0800,3.0,7.56,0,Thấp,good,4,0.0,0.0,0.5,1.0,0.5,1.0,1.0,1.0,,,,,,,,,,,1.0,1.0
